abs_tol,IIDStdUniform_solution,IIDStdGaussian_solution,Lattice_solution,Sobol_solution,IIDStdUniform_time,IIDStdGaussian_time,Lattice_time,Sobol_time,IIDStdUniform_n,IIDStdGaussian_n,Lattice_n,Sobol_n
0.0008,,2.1682919301530763,2.1683295683439914,2.1683101603537787,,6.35236382484436,0.03480815887451172,0.07570052146911621,,66539498.0,4096.0,4096.0
0.001,,2.168435062009081,2.1684150914770166,2.1684390978853134,,5.491090297698975,0.026586294174194336,0.04177141189575195,,42585463.0,2048.0,2048.0
0.0012000000000000001,,2.1682205942934476,2.1684150914770166,2.1684390978853134,,2.622060537338257,0.019072532653808594,0.029511690139770508,,29573395.0,2048.0,2048.0
0.0014,2.168628538027805,2.168629780160333,2.1684150914770166,2.1684390978853134,6.911799907684326,1.8782944679260254,0.017618894577026367,0.02614879608154297,20914033.0,21727528.0,2048.0,2048.0
0.0015999999999999999,2.1684774366380783,2.1688128901813695,2.1682700719002304,2.1684390978853134,5.756053924560547,1.4390499591827393,0.012357711791992188,0.030498743057250977,16012426.0,16635259.0,1024.0,2048.0
0.0018,2.1683611783778893,2.168902622183231,2.1682700719002304,2.1684390978853134,4.1084206104278564,1.113605260848999,0.010262012481689453,0.026140689849853516,12651901.0,13144016.0,1024.0,2048.0
0.002,2.1687261506345594,2.1681557505857048,2.1682700719002304,2.1684390978853134,3.3448219299316406,0.9303343296051025,0.009276390075683594,0.024057865142822266,10248137.0,10646750.0,1024.0,2048.0
0.0021999999999999997,2.168574147225489,2.16819838669397,2.1682700719002304,2.168709320961212,2.709416627883911,0.7484374046325684,0.00890040397644043,0.014794111251831055,8469624.0,8799056.0,1024.0,1024.0
0.0024,2.1684522869165206,2.168329384154444,2.1682700719002304,2.168709320961212,2.262601137161255,0.6259393692016602,0.010125398635864258,0.015056371688842773,7116919.0,7393733.0,1024.0,1024.0
0.0026,2.168159546379739,2.1683985524821328,2.1682700719002304,2.168709320961212,1.922447681427002,0.5303270816802979,0.008681774139404297,0.014718294143676758,6064196.0,6300061.0,1024.0,1024.0
0.0028,2.168145170885283,2.1679830468052432,2.1682700719002304,2.168709320961212,1.6605615615844727,0.4563734531402588,0.008823156356811523,0.014806270599365234,5228893.0,5432266.0,1024.0,1024.0
0.0029999999999999996,2.1676883014556605,2.168159107515947,2.1682700719002304,2.168709320961212,1.478170394897461,0.3989286422729492,0.008970499038696289,0.014726638793945312,4555012.0,4732174.0,1024.0,1024.0
0.0031999999999999997,2.1672826420050177,2.167834789972456,2.1682700719002304,2.168709320961212,1.2824201583862305,0.3595151901245117,0.00944209098815918,0.0152435302734375,4003491.0,4159199.0,1024.0,1024.0
0.0034,2.1682918707221286,2.1679413610925966,2.1682700719002304,2.168709320961212,1.1327223777770996,0.3127117156982422,0.008942365646362305,0.014703035354614258,3546403.0,3684332.0,1024.0,1024.0
0.0035999999999999995,2.168792017298335,2.168188790279515,2.1682700719002304,2.168709320961212,1.0175328254699707,0.27905869483947754,0.008981704711914062,0.014759063720703125,3163360.0,3286388.0,1024.0,1024.0
0.0037999999999999996,2.168900219854705,2.167785773488355,2.1681649412634227,2.168709320961212,0.9118318557739258,0.2511560916900635,0.006251811981201172,0.014757871627807617,2839190.0,2949609.0,512.0,1024.0
0.004,2.1693404997064474,2.167061744308038,2.1681649412634227,2.168709320961212,0.8223142623901367,0.22634077072143555,0.006005525588989258,0.014769554138183594,2562419.0,2662072.0,512.0,1024.0
0.0042,2.169252121278946,2.1666174374082283,2.1681649412634227,2.168315342965458,0.7578058242797852,0.2024545669555664,0.006008148193359375,0.010688304901123047,2324237.0,2414625.0,512.0,512.0
0.0044,2.1685886015967584,2.167290753660083,2.1681649412634227,2.168315342965458,0.6910216808319092,0.19027304649353027,0.006087541580200195,0.010702371597290039,2117790.0,2200148.0,512.0,512.0
0.0046,2.169049474809591,2.167810467177449,2.1681649412634227,2.168315342965458,0.6285109519958496,0.1688544750213623,0.006002902984619141,0.010649442672729492,1937682.0,2013034.0,512.0,512.0
0.0048000000000000004,2.1695318922234477,2.1679588198084603,2.1681649412634227,2.168315342965458,0.5772538185119629,0.1554110050201416,0.006134986877441406,0.010680198669433594,1779614.0,1848818.0,512.0,512.0
0.005,2.1694278909710727,2.1684096614545805,2.1681649412634227,2.168315342965458,0.5360345840454102,0.14359450340270996,0.006124019622802734,0.010792970657348633,1640132.0,1703911.0,512.0,512.0
0.0052,2.1691563122618387,2.1685888572402723,2.1681649412634227,2.168315342965458,0.49278855323791504,0.1333155632019043,0.006048440933227539,0.010593891143798828,1516433.0,1575400.0,512.0,512.0
0.0054,2.169083412455324,2.16849755953312,2.1681649412634227,2.168315342965458,0.4578702449798584,0.12312102317810059,0.006105899810791016,0.010884523391723633,1406222.0,1460902.0,512.0,512.0
0.0056,2.168972643121608,2.167753592647223,2.1681649412634227,2.168315342965458,0.42526960372924805,0.11431741714477539,0.006155252456665039,0.010842323303222656,1307608.0,1358451.0,512.0,512.0
0.0058,2.1690081502267082,2.16777579813412,2.1681649412634227,2.168315342965458,0.39640355110168457,0.10885834693908691,0.006083250045776367,0.010682344436645508,1219017.0,1266415.0,512.0,512.0
0.006,2.169030119965763,2.167752578677938,2.1681649412634227,2.168315342965458,0.37058186531066895,0.1137242317199707,0.009665727615356445,0.01790475845336914,1139137.0,1183428.0,512.0,512.0
0.0062,2.169312423315262,2.1674433547219047,2.1681649412634227,2.168315342965458,0.44048261642456055,0.15061211585998535,0.012106657028198242,0.019821882247924805,1066863.0,1108342.0,512.0,512.0
0.0063999999999999994,2.1695169111245405,2.167111722692734,2.1681649412634227,2.168315342965458,0.3447303771972656,0.08903765678405762,0.0062198638916015625,0.011034727096557617,1001257.0,1040184.0,512.0,512.0
0.0066,2.1691174518869922,2.1688567657147484,2.1681649412634227,2.168315342965458,0.30716967582702637,0.08331656455993652,0.006282806396484375,0.011087656021118164,941525.0,978128.0,512.0,512.0
0.0068,2.169201036949444,2.1696277690461585,2.1681649412634227,2.168315342965458,0.2921156883239746,0.07786178588867188,0.006210803985595703,0.011237144470214844,886985.0,921467.0,512.0,512.0
0.007,2.1692096766229443,2.170524197543422,2.1681649412634227,2.168315342965458,0.276214599609375,0.07381367683410645,0.0062143802642822266,0.011283159255981445,837053.0,869593.0,512.0,512.0
0.0072,2.170351307370157,2.1697862515240014,2.1681649412634227,2.168315342965458,0.25975966453552246,0.07001423835754395,0.00625920295715332,0.01118159294128418,791224.0,821981.0,512.0,512.0
0.0073999999999999995,2.171065884006814,2.1698150549414867,2.1681649412634227,2.168315342965458,0.24577999114990234,0.06587529182434082,0.00630950927734375,0.01089787483215332,749061.0,778178.0,512.0,512.0
0.0076,2.171739217195895,2.170089762269375,2.1681649412634227,2.168315342965458,0.22938799858093262,0.0624392032623291,0.006256818771362305,0.010994911193847656,710182.0,737787.0,512.0,512.0
0.0078,2.172123019096198,2.169642952333849,2.1681649412634227,2.168315342965458,0.2189638614654541,0.0583951473236084,0.006242275238037109,0.011284589767456055,674255.0,700462.0,512.0,512.0
0.008,2.1725196598188585,2.169844423642484,2.1681649412634227,2.168315342965458,0.20828700065612793,0.05660581588745117,0.006289482116699219,0.01105189323425293,640989.0,665902.0,512.0,512.0
0.008199999999999999,2.173842183421985,2.1705160351909814,2.1681649412634227,2.168315342965458,0.19725823402404785,0.05312824249267578,0.006188154220581055,0.011025190353393555,610127.0,633840.0,512.0,512.0
0.0084,2.1731657011456833,2.170508242648706,2.1681649412634227,2.168315342965458,0.18782544136047363,0.05095934867858887,0.006199836730957031,0.010965824127197266,581444.0,604041.0,512.0,512.0
0.0086,2.1731537096727043,2.169866832896762,2.1681649412634227,2.168315342965458,0.18165183067321777,0.04824662208557129,0.006293535232543945,0.011112689971923828,554738.0,576296.0,512.0,512.0
0.0088,2.173947279488561,2.1698356495291495,2.1681649412634227,2.168315342965458,0.1721048355102539,0.0467221736907959,0.006280660629272461,0.011033296585083008,529832.0,550421.0,512.0,512.0
0.009,2.1745624411145963,2.1696003109638955,2.1681649412634227,2.168315342965458,0.1663224697113037,0.04412579536437988,0.006452322006225586,0.011078119277954102,506568.0,526253.0,512.0,512.0
0.0092,2.1740867896776854,2.1704405165954026,2.1681649412634227,2.168315342965458,0.15860795974731445,0.04175519943237305,0.006275177001953125,0.011222600936889648,484805.0,503643.0,512.0,512.0
0.0094,2.174191277313581,2.170025832855239,2.1681649412634227,2.168315342965458,0.1542963981628418,0.039861202239990234,0.006294727325439453,0.011357307434082031,464416.0,482461.0,512.0,512.0
0.0096,2.1748833079504544,2.170641858752934,2.1681649412634227,2.168315342965458,0.1473844051361084,0.03882479667663574,0.006458759307861328,0.011377573013305664,445288.0,462589.0,512.0,512.0
0.0098,2.17435884232262,2.169820326798181,2.1681649412634227,2.168315342965458,0.1404247283935547,0.036885738372802734,0.006356239318847656,0.011154413223266602,427319.0,443921.0,512.0,512.0
0.01,2.174070464802069,2.1695954473249257,2.167987289199432,2.168315342965458,0.13595271110534668,0.03556346893310547,0.004504680633544922,0.011098384857177734,410417.0,426362.0,256.0,512.0
0.010199999999999999,2.1735255749484823,2.170106720555979,2.167987289199432,2.168315342965458,0.1312427520751953,0.034249305725097656,0.004592418670654297,0.011038064956665039,394500.0,409826.0,256.0,512.0
0.0104,2.174765930062969,2.1699141867843856,2.167987289199432,2.1656629574250834,0.12725114822387695,0.032887935638427734,0.004656076431274414,0.008646249771118164,379493.0,394234.0,256.0,256.0
0.0106,2.174906900045812,2.1703865323974907,2.167987289199432,2.1656629574250834,0.12537312507629395,0.03142142295837402,0.0044558048248291016,0.008496999740600586,365326.0,379517.0,256.0,256.0
0.010799999999999999,2.173967893954181,2.1705450770504098,2.167987289199432,2.1656629574250834,0.12002849578857422,0.030156850814819336,0.0045588016510009766,0.008807182312011719,351940.0,365610.0,256.0,256.0
0.011,2.174792625660245,2.169963515608233,2.167987289199432,2.1656629574250834,0.11473703384399414,0.029604434967041016,0.00463414192199707,0.008689403533935547,339277.0,352454.0,256.0,256.0
0.0112,2.1754554116360194,2.1694974831631635,2.167987289199432,2.1656629574250834,0.10906815528869629,0.02850055694580078,0.004732370376586914,0.00870370864868164,327286.0,339997.0,256.0,256.0
0.011399999999999999,2.17646467707441,2.1690300222024756,2.167987289199432,2.1656629574250834,0.10648226737976074,0.027509689331054688,0.00468897819519043,0.008382081985473633,315921.0,328190.0,256.0,256.0
0.0116,2.17738684261302,2.168997224886661,2.167987289199432,2.1656629574250834,0.10330724716186523,0.02655482292175293,0.0046651363372802734,0.008548259735107422,305139.0,316988.0,256.0,256.0
0.0118,2.1766432446187896,2.1682130749594477,2.167987289199432,2.1656629574250834,0.10303735733032227,0.02704167366027832,0.004827022552490234,0.008991718292236328,294900.0,306351.0,256.0,256.0
0.011999999999999999,2.1770168618402574,2.1693171343411617,2.167987289199432,2.1656629574250834,0.09570574760437012,0.025064706802368164,0.004415750503540039,0.008582830429077148,285169.0,296241.0,256.0,256.0
0.012199999999999999,2.177264136630707,2.1695315419557986,2.167987289199432,2.1656629574250834,0.09364914894104004,0.02445530891418457,0.004613161087036133,0.008623123168945312,275912.0,286625.0,256.0,256.0
0.0124,2.177383991194337,2.17069582015512,2.167987289199432,2.1656629574250834,0.08919763565063477,0.023717164993286133,0.004792451858520508,0.008830785751342773,267100.0,277470.0,256.0,256.0
0.0126,2.177964530990507,2.1710579293132546,2.167987289199432,2.1656629574250834,0.08833146095275879,0.02259087562561035,0.0045511722564697266,0.009088754653930664,258704.0,268747.0,256.0,256.0
0.012799999999999999,2.179090394956737,2.170808118939138,2.167987289199432,2.1656629574250834,0.08673739433288574,0.022174596786499023,0.004912137985229492,0.008721351623535156,250699.0,260430.0,256.0,256.0
0.013,2.1795782406930315,2.170956845142365,2.167987289199432,2.1656629574250834,0.08317017555236816,0.021834135055541992,0.004780292510986328,0.008755683898925781,243060.0,252494.0,256.0,256.0
0.0132,2.1782538316323534,2.1722429678357704,2.167987289199432,2.1656629574250834,0.08055329322814941,0.02115917205810547,0.004770517349243164,0.008917093276977539,235766.0,244916.0,256.0,256.0
0.013399999999999999,2.1786139742578734,2.172203213288079,2.167987289199432,2.1656629574250834,0.08226704597473145,0.02076101303100586,0.004760026931762695,0.00890660285949707,228796.0,237675.0,256.0,256.0
0.0136,2.179092420775335,2.1713081510045575,2.167987289199432,2.1656629574250834,0.07653212547302246,0.0194857120513916,0.004747867584228516,0.010074853897094727,222131.0,230751.0,256.0,256.0
0.0138,2.178838471290499,2.1709722551761543,2.167987289199432,2.1656629574250834,0.07738709449768066,0.026100873947143555,0.008575439453125,0.017973661422729492,215754.0,224126.0,256.0,256.0
0.013999999999999999,2.178338002876792,2.171966902852915,2.167987289199432,2.1656629574250834,0.11994743347167969,0.023505687713623047,0.005618095397949219,0.009641885757446289,209648.0,217783.0,256.0,256.0
0.014199999999999999,2.177775886935535,2.17120466453574,2.167987289199432,2.1656629574250834,0.06999874114990234,0.017043113708496094,0.004332780838012695,0.008358478546142578,203798.0,211705.0,256.0,256.0
0.0144,2.1777677872352155,2.1720069937686746,2.167987289199432,2.1656629574250834,0.06778144836425781,0.01753687858581543,0.004835605621337891,0.008366584777832031,198190.0,205880.0,256.0,256.0
0.014599999999999998,2.179590879289575,2.1713118521097066,2.167987289199432,2.1656629574250834,0.06670856475830078,0.018471240997314453,0.004912614822387695,0.008936882019042969,192812.0,200292.0,256.0,256.0
0.014799999999999999,2.1791001126185354,2.170699070039717,2.167987289199432,2.1656629574250834,0.06595683097839355,0.016933202743530273,0.0048065185546875,0.008760452270507812,187650.0,194929.0,256.0,256.0
0.015,2.178995522401728,2.1703096128495947,2.167987289199432,2.1656629574250834,0.06536436080932617,0.01798081398010254,0.0053942203521728516,0.01003885269165039,182692.0,189779.0,256.0,256.0
0.0152,2.179230308471226,2.170692618249785,2.167987289199432,2.1656629574250834,0.0698385238647461,0.02555251121520996,0.0088348388671875,0.018243074417114258,177930.0,184831.0,256.0,256.0
0.015399999999999999,2.1784410989707736,2.1732282219103003,2.167987289199432,2.1656629574250834,0.09846115112304688,0.019906997680664062,0.0058667659759521484,0.010253667831420898,173352.0,180075.0,256.0,256.0
0.0156,2.177579106821934,2.174570154059414,2.167987289199432,2.1656629574250834,0.057996511459350586,0.015106916427612305,0.004753828048706055,0.008784055709838867,168948.0,175500.0,256.0,256.0
0.015799999999999998,2.177615328017501,2.1744659890314098,2.167987289199432,2.1656629574250834,0.057875633239746094,0.015073299407958984,0.004900455474853516,0.009338617324829102,164711.0,171098.0,256.0,256.0
0.015999999999999997,2.1784195637258663,2.174947574180035,2.167987289199432,2.1656629574250834,0.06214141845703125,0.016007423400878906,0.005100727081298828,0.009102582931518555,160632.0,166860.0,256.0,256.0
0.0162,2.1793955932369538,2.174762058252583,2.167987289199432,2.1656629574250834,0.05427050590515137,0.013831615447998047,0.004699230194091797,0.009045124053955078,156702.0,162778.0,256.0,256.0
0.016399999999999998,2.17701619854028,2.1743879230684584,2.167987289199432,2.1656629574250834,0.05400896072387695,0.013930559158325195,0.004918336868286133,0.008785009384155273,152916.0,158844.0,256.0,256.0
0.016599999999999997,2.1773816113983813,2.1743266561057335,2.167987289199432,2.1656629574250834,0.05703330039978027,0.014760255813598633,0.005072355270385742,0.009348392486572266,149266.0,155052.0,256.0,256.0
0.0168,2.177381039809884,2.1740275099169013,2.167987289199432,2.1656629574250834,0.054260969161987305,0.013528108596801758,0.004938602447509766,0.008741140365600586,145745.0,151395.0,256.0,256.0
0.016999999999999998,2.179119176952812,2.1745082391602972,2.167987289199432,2.1656629574250834,0.048668622970581055,0.01296091079711914,0.004873037338256836,0.009097099304199219,142348.0,147865.0,256.0,256.0
0.017199999999999997,2.1792601830438194,2.1741897979997846,2.167987289199432,2.1656629574250834,0.053888559341430664,0.014570951461791992,0.005413055419921875,0.009904623031616211,139069.0,144458.0,256.0,256.0
0.0174,2.1795586466281898,2.1740188483071994,2.167987289199432,2.1656629574250834,0.05094790458679199,0.012662410736083984,0.004991769790649414,0.008996009826660156,135902.0,141168.0,256.0,256.0
0.017599999999999998,2.178612917719963,2.1740862198423905,2.167987289199432,2.16545606841405,0.04951024055480957,0.012603759765625,0.004933595657348633,0.007256031036376953,132842.0,137990.0,256.0,128.0
0.017799999999999996,2.179124221665571,2.174014230995662,2.167987289199432,2.16545606841405,0.045716285705566406,0.012265920639038086,0.00490880012512207,0.007561445236206055,129885.0,134918.0,256.0,128.0
0.018,2.1800828357414392,2.1735430540159157,2.167987289199432,2.16545606841405,0.04561805725097656,0.012238740921020508,0.005253791809082031,0.007927417755126953,127026.0,131948.0,256.0,128.0
0.018199999999999997,2.180055689920765,2.173686028921912,2.167987289199432,2.16545606841405,0.04716038703918457,0.01299428939819336,0.005788564682006836,0.008736371994018555,124261.0,129075.0,256.0,128.0
0.018399999999999996,2.1802851704138173,2.1731582188719685,2.167987289199432,2.16545606841405,0.04367780685424805,0.012387752532958984,0.005662679672241211,0.008579492568969727,121586.0,126295.0,256.0,128.0
0.0186,2.1791081609443697,2.1738794080861052,2.167987289199432,2.16545606841405,0.04871797561645508,0.013120174407958984,0.005765199661254883,0.008489608764648438,118996.0,123605.0,256.0,128.0
0.018799999999999997,2.179251210771251,2.1732018619163807,2.167987289199432,2.16545606841405,0.04168248176574707,0.010998725891113281,0.0051136016845703125,0.007528066635131836,116488.0,121000.0,256.0,128.0
0.018999999999999996,2.1800550012106092,2.172746466534659,2.167987289199432,2.16545606841405,0.03999686241149902,0.012006282806396484,0.005659341812133789,0.008786916732788086,114060.0,118476.0,256.0,128.0
0.0192,2.179614927224395,2.172946997098795,2.167987289199432,2.16545606841405,0.04249715805053711,0.010967731475830078,0.005316019058227539,0.007915019989013672,111706.0,116032.0,256.0,128.0
0.019399999999999997,2.17975995391606,2.1730834424001046,2.167987289199432,2.16545606841405,0.03970527648925781,0.011706829071044922,0.0058553218841552734,0.0085296630859375,109426.0,113662.0,256.0,128.0
0.019599999999999996,2.1806318980878476,2.175202988134941,2.167987289199432,2.16545606841405,0.03984355926513672,0.010360240936279297,0.00523829460144043,0.007832765579223633,107214.0,111365.0,256.0,128.0
0.019799999999999998,2.1799930327786017,2.1743220272002763,2.167987289199432,2.16545606841405,0.03708934783935547,0.010013580322265625,0.005257129669189453,0.008235454559326172,105069.0,109136.0,256.0,128.0
0.019999999999999997,2.179154080362477,2.1737793900024736,2.167987289199432,2.16545606841405,0.04000496864318848,0.011204957962036133,0.005888223648071289,0.00869297981262207,102989.0,106975.0,256.0,128.0
0.020199999999999996,2.1799091100477046,2.1739851583403085,2.167987289199432,2.16545606841405,0.03612923622131348,0.009918928146362305,0.005430698394775391,0.008178949356079102,100970.0,104877.0,256.0,128.0
0.020399999999999998,2.1806703875847746,2.1737029610118186,2.167987289199432,2.16545606841405,0.038202524185180664,0.010273456573486328,0.005667448043823242,0.008501529693603516,99009.0,102841.0,256.0,128.0
0.020599999999999997,2.182009202550988,2.1738515077738825,2.167987289199432,2.16545606841405,0.035697221755981445,0.009604930877685547,0.005421876907348633,0.008580207824707031,97106.0,100864.0,256.0,128.0
0.020799999999999996,2.1841632322870543,2.175036267280004,2.167987289199432,2.16545606841405,0.03391718864440918,0.00954890251159668,0.005263566970825195,0.007892370223999023,95258.0,98943.0,256.0,128.0
0.020999999999999998,2.18490484768909,2.174695868014711,2.167987289199432,2.16545606841405,0.032256364822387695,0.009106874465942383,0.005406856536865234,0.008295297622680664,93461.0,97077.0,256.0,128.0
0.021199999999999997,2.1868520343954585,2.1736018512083906,2.167987289199432,2.16545606841405,0.03355526924133301,0.009322643280029297,0.005601167678833008,0.008601665496826172,91716.0,95264.0,256.0,128.0
0.021399999999999995,2.1860333877421856,2.1724307499214004,2.167987289199432,2.16545606841405,0.033159732818603516,0.009224891662597656,0.005399942398071289,0.008554935455322266,90019.0,93501.0,256.0,128.0
0.021599999999999998,2.187067855429658,2.1723808689376987,2.167987289199432,2.16545606841405,0.031900882720947266,0.009012222290039062,0.005424022674560547,0.008034467697143555,88369.0,91787.0,256.0,128.0
0.021799999999999996,2.18839962280932,2.173010474769279,2.167987289199432,2.16545606841405,0.029926061630249023,0.008559226989746094,0.005246162414550781,0.007930278778076172,86765.0,90120.0,256.0,128.0
0.021999999999999995,2.1905170446170565,2.1736117929019763,2.1684647468548195,2.16545606841405,0.03139162063598633,0.008684873580932617,0.004011631011962891,0.008358001708984375,85204.0,88498.0,128.0,128.0
0.022199999999999998,2.191522306758425,2.1711675757867486,2.1684647468548195,2.16545606841405,0.03109884262084961,0.008685111999511719,0.004152774810791016,0.009269952774047852,83685.0,86920.0,128.0,128.0
0.022399999999999996,2.191809085299852,2.171973587133324,2.1684647468548195,2.16545606841405,0.03193521499633789,0.00885009765625,0.0042819976806640625,0.009040355682373047,82206.0,85384.0,128.0,128.0
0.022599999999999995,2.192751777084317,2.1707652913858455,2.1684647468548195,2.16545606841405,0.03158712387084961,0.009434938430786133,0.0044939517974853516,0.009145498275756836,80766.0,83888.0,128.0,128.0
0.022799999999999997,2.1914439824375043,2.1711166626625014,2.1684647468548195,2.16545606841405,0.02972245216369629,0.007794618606567383,0.004049062728881836,0.008452415466308594,79365.0,82432.0,128.0,128.0
0.022999999999999996,2.18920461441325,2.17148767530916,2.1684647468548195,2.16545606841405,0.029929399490356445,0.008287429809570312,0.004344463348388672,0.009130001068115234,77999.0,81013.0,128.0,128.0
0.023199999999999995,2.189584671942855,2.171008518394511,2.1684647468548195,2.16545606841405,0.028644561767578125,0.007964134216308594,0.004284381866455078,0.008653402328491211,76669.0,79631.0,128.0,128.0
0.023399999999999997,2.189103805689548,2.1700782800099887,2.1684647468548195,2.16545606841405,0.02889394760131836,0.007596731185913086,0.0042057037353515625,0.008487224578857422,75373.0,78285.0,128.0,128.0
0.023599999999999996,2.187728911786871,2.169829227921858,2.1684647468548195,2.16545606841405,0.027277231216430664,0.007924795150756836,0.004101991653442383,0.00855565071105957,74109.0,76972.0,128.0,128.0
0.023799999999999998,2.18883467212242,2.170028199596244,2.1684647468548195,2.16545606841405,0.027111530303955078,0.008635759353637695,0.0045049190521240234,0.009139776229858398,72878.0,75692.0,128.0,128.0
0.023999999999999997,2.1886445977854234,2.170909771657814,2.1684647468548195,2.16545606841405,0.02716374397277832,0.008516073226928711,0.004364013671875,0.00886392593383789,71677.0,74445.0,128.0,128.0
0.024199999999999996,2.1887704760829934,2.171385420485889,2.1684647468548195,2.16545606841405,0.025149106979370117,0.007395267486572266,0.004109382629394531,0.008507490158081055,70505.0,73228.0,128.0,128.0
0.024399999999999998,2.188877500885033,2.1711840117592565,2.1684647468548195,2.16545606841405,0.023490190505981445,0.0067975521087646484,0.004148721694946289,0.0085601806640625,69362.0,72041.0,128.0,128.0
0.024599999999999997,2.1887657505845874,2.169419332056621,2.1684647468548195,2.16545606841405,0.026441097259521484,0.008417129516601562,0.00487971305847168,0.010211706161499023,68247.0,70882.0,128.0,128.0
0.024799999999999996,2.1876957816276663,2.170873682470689,2.1684647468548195,2.16545606841405,0.027509689331054688,0.00801539421081543,0.004520416259765625,0.009193897247314453,67159.0,69752.0,128.0,128.0
0.024999999999999998,2.186061938814535,2.1709128377505285,2.1684647468548195,2.16545606841405,0.0244443416595459,0.007807016372680664,0.00451970100402832,0.009001970291137695,66097.0,68648.0,128.0,128.0
0.025199999999999997,2.1856839808957895,2.1716065433866327,2.1684647468548195,2.16545606841405,0.0244290828704834,0.007025480270385742,0.004218101501464844,0.00858926773071289,65060.0,67571.0,128.0,128.0
0.025399999999999995,2.185133007785277,2.1716234428604384,2.1684647468548195,2.16545606841405,0.023553133010864258,0.007268428802490234,0.004330158233642578,0.008937358856201172,64048.0,66519.0,128.0,128.0
0.025599999999999998,2.18207257673147,2.1724070586989437,2.1684647468548195,2.16545606841405,0.024002790451049805,0.006407737731933594,0.004339456558227539,0.008606433868408203,63059.0,65492.0,128.0,128.0
0.025799999999999997,2.180368112785458,2.1732151642468382,2.1684647468548195,2.16545606841405,0.02281498908996582,0.00642085075378418,0.003828763961791992,0.007986068725585938,62093.0,64488.0,128.0,128.0
0.025999999999999995,2.181047364726437,2.1731875463147308,2.1684647468548195,2.16545606841405,0.020686626434326172,0.0069119930267333984,0.004393577575683594,0.009119510650634766,61149.0,63508.0,128.0,128.0
0.026199999999999998,2.1805565939585305,2.174040631459933,2.1684647468548195,2.16545606841405,0.023401260375976562,0.006941080093383789,0.004366397857666016,0.009076356887817383,60227.0,62550.0,128.0,128.0
0.026399999999999996,2.1800225367659154,2.1734252007901484,2.1684647468548195,2.16545606841405,0.021516799926757812,0.007416963577270508,0.004720449447631836,0.009113311767578125,59326.0,61613.0,128.0,128.0
0.026599999999999995,2.182493484033043,2.174530191553991,2.1684647468548195,2.16545606841405,0.022935152053833008,0.006502866744995117,0.0043566226959228516,0.00836324691772461,58445.0,60698.0,128.0,128.0
0.026799999999999997,2.1829743827375014,2.1737935016468075,2.1684647468548195,2.16545606841405,0.019785404205322266,0.006285429000854492,0.0037839412689208984,0.008258819580078125,57583.0,59803.0,128.0,128.0
0.026999999999999996,2.182609038838375,2.172321801701613,2.1684647468548195,2.16545606841405,0.02021932601928711,0.005570173263549805,0.00404667854309082,0.0083465576171875,56741.0,58928.0,128.0,128.0
0.027199999999999995,2.1826781019207377,2.171355392898204,2.1684647468548195,2.16545606841405,0.01958012580871582,0.007004737854003906,0.0043871402740478516,0.009180068969726562,55917.0,58072.0,128.0,128.0
0.027399999999999997,2.1815483735172583,2.171818480222837,2.1684647468548195,2.16545606841405,0.021295547485351562,0.0067980289459228516,0.004791259765625,0.009977102279663086,55111.0,57235.0,128.0,128.0
0.027599999999999996,2.180852808734888,2.173483880151079,2.1684647468548195,2.16545606841405,0.02465224266052246,0.006937503814697266,0.004919290542602539,0.010483503341674805,54323.0,56416.0,128.0,128.0
0.027799999999999995,2.1816038363872847,2.174448396089038,2.1684647468548195,2.16545606841405,0.02222132682800293,0.0066645145416259766,0.004453897476196289,0.009367942810058594,53551.0,55614.0,128.0,128.0
0.027999999999999997,2.1815138947971344,2.1742856192365045,2.1684647468548195,2.16545606841405,0.01908254623413086,0.005341529846191406,0.003921031951904297,0.008619546890258789,52796.0,54830.0,128.0,128.0
0.028199999999999996,2.1822740990591467,2.172674754093349,2.1684647468548195,2.16545606841405,0.018237590789794922,0.00566554069519043,0.0040357112884521484,0.008563518524169922,52057.0,54062.0,128.0,128.0
0.028399999999999995,2.1833000583635336,2.1725820576714803,2.1684647468548195,2.16545606841405,0.021935224533081055,0.005671024322509766,0.004480123519897461,0.009088277816772461,51334.0,53311.0,128.0,128.0
0.028599999999999997,2.182287760379305,2.1723329287570112,2.171711638368998,2.16545606841405,0.020682096481323242,0.005954265594482422,0.003420114517211914,0.009752035140991211,50626.0,52575.0,64.0,128.0
0.028799999999999996,2.183787742811229,2.172087190178375,2.171711638368998,2.16545606841405,0.019524812698364258,0.005806684494018555,0.0035927295684814453,0.009588241577148438,49932.0,51854.0,64.0,128.0
0.028999999999999995,2.1835202103788385,2.1711229620033397,2.171711638368998,2.16545606841405,0.019781827926635742,0.005598306655883789,0.0031630992889404297,0.008634567260742188,49253.0,51149.0,64.0,128.0
0.029199999999999997,2.1832980199276117,2.169414328355186,2.171711638368998,2.16545606841405,0.0178225040435791,0.005407810211181641,0.003025531768798828,0.008601665496826172,48587.0,50457.0,64.0,128.0
0.029399999999999996,2.1830483269166234,2.169439801957291,2.171711638368998,2.16545606841405,0.017220258712768555,0.005133152008056641,0.003038167953491211,0.009101390838623047,47935.0,49780.0,64.0,128.0
0.029599999999999998,2.1846152523272617,2.1698532088713907,2.171711638368998,2.16545606841405,0.018332481384277344,0.006345510482788086,0.003448009490966797,0.009921550750732422,47297.0,49117.0,64.0,128.0
0.029799999999999997,2.1863533636814774,2.1710023571830894,2.171711638368998,2.16545606841405,0.01999664306640625,0.006152629852294922,0.0040628910064697266,0.010488033294677734,46671.0,48466.0,64.0,128.0
0.029999999999999995,2.1856089735592197,2.1713278121323665,2.171711638368998,2.16545606841405,0.02056717872619629,0.006571769714355469,0.003789186477661133,0.010064840316772461,46057.0,47829.0,64.0,128.0
0.030199999999999998,2.18524180526022,2.1714197655484946,2.171711638368998,2.16545606841405,0.018051624298095703,0.005266427993774414,0.0034859180450439453,0.010221481323242188,45456.0,47204.0,64.0,128.0
0.030399999999999996,2.1865434170351583,2.171656381042929,2.171711638368998,2.16545606841405,0.01875758171081543,0.006741523742675781,0.0038993358612060547,0.01084589958190918,44867.0,46592.0,64.0,128.0
0.030599999999999995,2.189309342027334,2.170000892911246,2.171711638368998,2.1655264127165346,0.01916980743408203,0.0058939456939697266,0.0036466121673583984,0.009213447570800781,44289.0,45992.0,64.0,64.0
0.030799999999999998,2.1890711862348904,2.1718383658475315,2.171711638368998,2.1655264127165346,0.020129680633544922,0.006406545639038086,0.004563808441162109,0.010247945785522461,43722.0,45403.0,64.0,64.0
0.030999999999999996,2.1907538186777735,2.173670304462331,2.171711638368998,2.1655264127165346,0.023033618927001953,0.006598472595214844,0.004158973693847656,0.01017308235168457,43167.0,44826.0,64.0,64.0
0.031199999999999995,2.1896289435548435,2.174035202850362,2.171711638368998,2.1655264127165346,0.020249605178833008,0.006234645843505859,0.004142045974731445,0.009214162826538086,42621.0,44259.0,64.0,64.0
0.0314,2.1892896722780093,2.17215042961493,2.171711638368998,2.1655264127165346,0.01828289031982422,0.005437612533569336,0.0031714439392089844,0.007462739944458008,42087.0,43704.0,64.0,64.0
0.031599999999999996,2.1889132994592297,2.172006259862251,2.171711638368998,2.1655264127165346,0.01535940170288086,0.004502058029174805,0.0029418468475341797,0.006989240646362305,41562.0,43159.0,64.0,64.0
0.031799999999999995,2.1869956425600923,2.1709366690731833,2.171711638368998,2.1655264127165346,0.0163881778717041,0.0049381256103515625,0.0032057762145996094,0.008039712905883789,41047.0,42624.0,64.0,64.0
0.032,2.1858081777592724,2.1703023022794437,2.171711638368998,2.1655264127165346,0.01520991325378418,0.004734992980957031,0.0029587745666503906,0.007085323333740234,40542.0,42099.0,64.0,64.0
0.0322,2.186442548513594,2.1713332570932753,2.171711638368998,2.1655264127165346,0.015190601348876953,0.005103588104248047,0.0031027793884277344,0.007135152816772461,40047.0,41584.0,64.0,64.0
0.0324,2.1839553429298966,2.1719261793676967,2.171711638368998,2.1655264127165346,0.013995170593261719,0.004250526428222656,0.0030059814453125,0.007169008255004883,39560.0,41079.0,64.0,64.0
0.0326,2.1819472243276543,2.174451310905492,2.171711638368998,2.1655264127165346,0.016571521759033203,0.006006717681884766,0.003922939300537109,0.009172916412353516,39082.0,40583.0,64.0,64.0
0.0328,2.1817340173760305,2.176399082161864,2.171711638368998,2.1655264127165346,0.017233610153198242,0.005127668380737305,0.003687620162963867,0.009042024612426758,38613.0,40095.0,64.0,64.0
0.033,2.180205857821207,2.1757858126955867,2.171711638368998,2.1655264127165346,0.016997098922729492,0.005125522613525391,0.003607034683227539,0.008763790130615234,38153.0,39617.0,64.0,64.0
0.0332,2.1796170312946934,2.1755611258313166,2.171711638368998,2.1655264127165346,0.0157315731048584,0.0046732425689697266,0.0031692981719970703,0.007975578308105469,37701.0,39147.0,64.0,64.0
0.0334,2.1818486962150088,2.173857705413415,2.171711638368998,2.1655264127165346,0.014022350311279297,0.004601001739501953,0.002961874008178711,0.007608890533447266,37257.0,38686.0,64.0,64.0
0.0336,2.183363622892577,2.17441553427315,2.171711638368998,2.1655264127165346,0.013364553451538086,0.00454401969909668,0.002983570098876953,0.007073163986206055,36821.0,38233.0,64.0,64.0
0.0338,2.1848251472325764,2.174031083468513,2.171711638368998,2.1655264127165346,0.014079570770263672,0.004529714584350586,0.0032770633697509766,0.007444143295288086,36392.0,37788.0,64.0,64.0
0.034,2.185694999685719,2.17398578090446,2.171711638368998,2.1655264127165346,0.014074087142944336,0.004134178161621094,0.003077983856201172,0.007864713668823242,35971.0,37351.0,64.0,64.0
0.0342,2.182517861232008,2.1747337134558316,2.171711638368998,2.1655264127165346,0.014650106430053711,0.004118680953979492,0.003196239471435547,0.009246110916137695,35558.0,36921.0,64.0,64.0
0.0344,2.179638736441184,2.1756606528126663,2.171711638368998,2.1655264127165346,0.014797687530517578,0.00474858283996582,0.0034613609313964844,0.008343696594238281,35152.0,36499.0,64.0,64.0
0.0346,2.178152035223186,2.1749829265095504,2.171711638368998,2.1655264127165346,0.01396632194519043,0.004704952239990234,0.0033235549926757812,0.008100509643554688,34752.0,36084.0,64.0,64.0
0.0348,2.17693787576842,2.173776973794203,2.171711638368998,2.1655264127165346,0.014168024063110352,0.004702091217041016,0.003364086151123047,0.008303642272949219,34360.0,35676.0,64.0,64.0
0.034999999999999996,2.177017208652894,2.1735968879642162,2.171711638368998,2.1655264127165346,0.016404151916503906,0.005357503890991211,0.0038459300994873047,0.009158849716186523,33974.0,35276.0,64.0,64.0
0.0352,2.175774596815569,2.1756128882288728,2.171711638368998,2.1655264127165346,0.015291929244995117,0.00492405891418457,0.0034606456756591797,0.007942438125610352,33595.0,34882.0,64.0,64.0
0.0354,2.1727893018384736,2.1750573508715236,2.171711638368998,2.1655264127165346,0.013952255249023438,0.005218029022216797,0.0036602020263671875,0.008178234100341797,33222.0,34495.0,64.0,64.0
0.0356,2.172774273061529,2.175466570857287,2.171711638368998,2.1655264127165346,0.014475822448730469,0.004380941390991211,0.003829479217529297,0.00771641731262207,32856.0,34114.0,64.0,64.0
0.0358,2.1739174361224696,2.1743372945160604,2.171711638368998,2.1655264127165346,0.014116287231445312,0.004038095474243164,0.0035429000854492188,0.009220361709594727,32495.0,33739.0,64.0,64.0
0.036,2.174022185542844,2.174105875591953,2.171711638368998,2.1655264127165346,0.013190269470214844,0.00411534309387207,0.0033097267150878906,0.008377552032470703,32141.0,33371.0,64.0,64.0
0.036199999999999996,2.1728178218138474,2.1741014689156866,2.171711638368998,2.1655264127165346,0.012460708618164062,0.004071712493896484,0.0030426979064941406,0.007492780685424805,31792.0,33009.0,64.0,64.0
0.0364,2.1725688925628144,2.174069835744165,2.171711638368998,2.1655264127165346,0.011901378631591797,0.0036935806274414062,0.003161191940307617,0.007420778274536133,31450.0,32653.0,64.0,64.0
0.0366,2.1732221073340634,2.1736236185952644,2.171711638368998,2.1655264127165346,0.013352394104003906,0.003742218017578125,0.003177642822265625,0.008361577987670898,31112.0,32303.0,64.0,64.0
0.0368,2.1722540555837706,2.172275714274968,2.171711638368998,2.1655264127165346,0.013247489929199219,0.00401759147644043,0.0034246444702148438,0.008608579635620117,30781.0,31958.0,64.0,64.0
0.037,2.170548591966661,2.1722360538337506,2.171711638368998,2.1655264127165346,0.01263880729675293,0.004479885101318359,0.003473043441772461,0.008320331573486328,30454.0,31619.0,64.0,64.0
0.0372,2.17097874091234,2.170505223401478,2.171711638368998,2.1655264127165346,0.012782812118530273,0.0043315887451171875,0.003539562225341797,0.008315801620483398,30133.0,31286.0,64.0,64.0
0.037399999999999996,2.1735851159432698,2.1694897025424127,2.171711638368998,2.1655264127165346,0.014094829559326172,0.0041217803955078125,0.003737926483154297,0.009076356887817383,29817.0,30957.0,64.0,64.0
0.0376,2.174222498149156,2.167101684160583,2.171711638368998,2.1655264127165346,0.014406919479370117,0.003972530364990234,0.003507375717163086,0.008230209350585938,29506.0,30634.0,64.0,64.0
0.0378,2.1739461745183886,2.168347785672836,2.171711638368998,2.1655264127165346,0.012850284576416016,0.0037975311279296875,0.0033380985260009766,0.00874781608581543,29200.0,30316.0,64.0,64.0
0.038,2.1741152514104463,2.168343872022769,2.171711638368998,2.1655264127165346,0.012062549591064453,0.003856182098388672,0.0033922195434570312,0.008362531661987305,28899.0,30003.0,64.0,64.0
0.0382,2.1746372645044807,2.165835371214422,2.171711638368998,2.1655264127165346,0.011879444122314453,0.0038063526153564453,0.0035347938537597656,0.008300542831420898,28603.0,29695.0,64.0,64.0
0.0384,2.1752824211685713,2.165773932251408,2.171711638368998,2.1655264127165346,0.012389183044433594,0.0038428306579589844,0.003484964370727539,0.008204221725463867,28311.0,29392.0,64.0,64.0
0.038599999999999995,2.1747844530563087,2.1670934295477364,2.171711638368998,2.1655264127165346,0.012374639511108398,0.003642559051513672,0.003323078155517578,0.007963418960571289,28024.0,29094.0,64.0,64.0
0.0388,2.177233876060532,2.1660935723010573,2.171711638368998,2.1655264127165346,0.012061834335327148,0.004027366638183594,0.003365755081176758,0.007879257202148438,27741.0,28800.0,64.0,64.0
0.039,2.176990451348478,2.166013556433638,2.171711638368998,2.1655264127165346,0.011561155319213867,0.0038716793060302734,0.003584623336791992,0.008520841598510742,27462.0,28510.0,64.0,64.0
0.0392,2.1769280145857137,2.16624838259327,2.171711638368998,2.1655264127165346,0.012172460556030273,0.0037546157836914062,0.003443002700805664,0.008844137191772461,27188.0,28226.0,64.0,64.0
0.0394,2.176012817162886,2.1653432163983313,2.171711638368998,2.1655264127165346,0.011952638626098633,0.0038089752197265625,0.003466367721557617,0.008645772933959961,26918.0,27945.0,64.0,64.0
0.039599999999999996,2.1728382553149657,2.1651985698222482,2.171711638368998,2.1655264127165346,0.011331558227539062,0.004250288009643555,0.0036182403564453125,0.008251190185546875,26652.0,27668.0,64.0,64.0
0.0398,2.17480059925972,2.1644077797934385,2.171711638368998,2.1655264127165346,0.012270689010620117,0.0036382675170898438,0.003416776657104492,0.008403301239013672,26390.0,27396.0,64.0,64.0
0.04,2.176831883111179,2.163235779622278,2.171711638368998,2.1655264127165346,0.011242151260375977,0.0034461021423339844,0.003320455551147461,0.007897615432739258,26132.0,27128.0,64.0,64.0
0.0402,2.1746937335637924,2.1641895714922064,2.171711638368998,2.1655264127165346,0.011346101760864258,0.004193544387817383,0.0035886764526367188,0.008229732513427734,25877.0,26864.0,64.0,64.0
0.0404,2.1736132963017245,2.165686436347884,2.171711638368998,2.1655264127165346,0.011913299560546875,0.0035941600799560547,0.0036733150482177734,0.009428024291992188,25627.0,26604.0,64.0,64.0
0.0406,2.176075594022136,2.166325899928626,2.171711638368998,2.1655264127165346,0.012329578399658203,0.0037109851837158203,0.003846883773803711,0.010596990585327148,25380.0,26347.0,64.0,64.0
0.040799999999999996,2.1759639662688484,2.1656821393579917,2.171711638368998,2.1655264127165346,0.012328863143920898,0.003925800323486328,0.0037648677825927734,0.009239673614501953,25137.0,26095.0,64.0,64.0
0.041,2.1765831848859727,2.1638738979379877,2.171711638368998,2.1655264127165346,0.010971307754516602,0.003815174102783203,0.0033805370330810547,0.0079498291015625,24897.0,25846.0,64.0,64.0
0.0412,2.179971426085405,2.163295244437985,2.171711638368998,2.1655264127165346,0.010513782501220703,0.0033485889434814453,0.0035543441772460938,0.008316993713378906,24661.0,25600.0,64.0,64.0
0.0414,2.179771766707339,2.1644462174093126,2.171711638368998,2.1655264127165346,0.010572195053100586,0.0033936500549316406,0.0033478736877441406,0.009070634841918945,24428.0,25358.0,64.0,64.0
0.0416,2.181024448739023,2.1676552065054553,2.171711638368998,2.1655264127165346,0.009546041488647461,0.0030350685119628906,0.003309965133666992,0.007340192794799805,24199.0,25120.0,64.0,64.0
0.0418,2.1812327226408823,2.168519223283764,2.171711638368998,2.1655264127165346,0.009714365005493164,0.0031709671020507812,0.0031991004943847656,0.008466482162475586,23973.0,24885.0,64.0,64.0
0.041999999999999996,2.179602969358963,2.170461091185693,2.171711638368998,2.1655264127165346,0.010155200958251953,0.0035071372985839844,0.003680706024169922,0.008603811264038086,23750.0,24654.0,64.0,64.0
0.0422,2.179763118965372,2.1700476726906044,2.171711638368998,2.1655264127165346,0.012250900268554688,0.0037047863006591797,0.0037522315979003906,0.00963735580444336,23530.0,24425.0,64.0,64.0
0.0424,2.1779534446302784,2.1695007715185493,2.171711638368998,2.1655264127165346,0.01151728630065918,0.0034780502319335938,0.0035839080810546875,0.008344411849975586,23313.0,24200.0,64.0,64.0
0.0426,2.175447102654732,2.1713719209368922,2.171711638368998,2.1655264127165346,0.009987115859985352,0.0034782886505126953,0.003343820571899414,0.008193731307983398,23100.0,23978.0,64.0,64.0
0.0428,2.17412677407462,2.170921648910815,2.171711638368998,2.1655264127165346,0.010900259017944336,0.003359556198120117,0.003450155258178711,0.008427619934082031,22889.0,23760.0,64.0,64.0
0.043,2.1735920494484366,2.1706251856941843,2.171711638368998,2.1655264127165346,0.010245561599731445,0.003136873245239258,0.0032253265380859375,0.007893562316894531,22682.0,23544.0,64.0,64.0
0.043199999999999995,2.1716089370581693,2.1699135502699383,2.171711638368998,2.1655264127165346,0.009058237075805664,0.0028641223907470703,0.003260374069213867,0.007612705230712891,22477.0,23331.0,64.0,64.0
0.0434,2.1705163894312727,2.171040295623141,2.171711638368998,2.1655264127165346,0.009092330932617188,0.003147602081298828,0.003118753433227539,0.007337808609008789,22275.0,23121.0,64.0,64.0
0.0436,2.1691847745143513,2.168874411856443,2.171711638368998,2.1655264127165346,0.009638309478759766,0.003149747848510742,0.0034966468811035156,0.00874471664428711,22076.0,22914.0,64.0,64.0
0.0438,2.1687304657044955,2.1692270203560198,2.171711638368998,2.1655264127165346,0.010299921035766602,0.0035533905029296875,0.0037071704864501953,0.009268522262573242,21879.0,22710.0,64.0,64.0
0.044,2.1668654352267116,2.167946769634706,2.171711638368998,2.1655264127165346,0.00984811782836914,0.0033631324768066406,0.003644227981567383,0.008245706558227539,21685.0,22509.0,64.0,64.0
0.044199999999999996,2.1664973701434223,2.16623027071223,2.171711638368998,2.1655264127165346,0.010495901107788086,0.0031845569610595703,0.003452777862548828,0.008275032043457031,21494.0,22310.0,64.0,64.0
0.044399999999999995,2.1660940557188413,2.16830958383214,2.171711638368998,2.1655264127165346,0.009311437606811523,0.0033409595489501953,0.0033838748931884766,0.007922649383544922,21306.0,22114.0,64.0,64.0
0.0446,2.166605859163067,2.1693737208820933,2.171711638368998,2.1655264127165346,0.009737968444824219,0.003036022186279297,0.003250598907470703,0.008245706558227539,21119.0,21921.0,64.0,64.0
0.0448,2.165676220083085,2.168987067968252,2.171711638368998,2.1655264127165346,0.008759498596191406,0.0035805702209472656,0.0032041072845458984,0.007467508316040039,20936.0,21730.0,64.0,64.0
0.045,2.165624242558815,2.1699176373284,2.171711638368998,2.1655264127165346,0.008575439453125,0.002767801284790039,0.003041982650756836,0.008439064025878906,20755.0,21542.0,64.0,64.0
0.0452,2.165413111103753,2.17160013027805,2.171711638368998,2.1655264127165346,0.008451700210571289,0.0028200149536132812,0.0033380985260009766,0.00776219367980957,20576.0,21356.0,64.0,64.0
0.045399999999999996,2.165117676065275,2.1718384354138793,2.171711638368998,2.1655264127165346,0.00936579704284668,0.002798318862915039,0.003175020217895508,0.007895469665527344,20400.0,21173.0,64.0,64.0
0.045599999999999995,2.168712096510374,2.171799941984217,2.171711638368998,2.1655264127165346,0.008686304092407227,0.0033555030822753906,0.0037717819213867188,0.008465766906738281,20226.0,20992.0,64.0,64.0
0.0458,2.16601408786175,2.1746849623392235,2.171711638368998,2.1655264127165346,0.009404897689819336,0.003190755844116211,0.003635883331298828,0.009569406509399414,20054.0,20814.0,64.0,64.0
0.046,2.1657351360354418,2.1740565793656157,2.171711638368998,2.1655264127165346,0.009641170501708984,0.0036344528198242188,0.0038559436798095703,0.00895237922668457,19884.0,20638.0,64.0,64.0
0.0462,2.1661172002373017,2.175039952953773,2.171711638368998,2.1655264127165346,0.01044464111328125,0.0034036636352539062,0.004077434539794922,0.010018348693847656,19717.0,20464.0,64.0,64.0
0.0464,2.165273463641665,2.1743151769651035,2.171711638368998,2.1655264127165346,0.010709524154663086,0.003407001495361328,0.003972530364990234,0.009062767028808594,19552.0,20292.0,64.0,64.0
0.046599999999999996,2.167546399882619,2.1759630087423325,2.171711638368998,2.1655264127165346,0.009410381317138672,0.003442525863647461,0.003625154495239258,0.008070945739746094,19389.0,20123.0,64.0,64.0
0.0468,2.169949602641042,2.177700390706096,2.171711638368998,2.1655264127165346,0.008823394775390625,0.0027070045471191406,0.0033257007598876953,0.008145332336425781,19228.0,19956.0,64.0,64.0
0.047,2.168976155609209,2.175190690296772,2.171711638368998,2.1655264127165346,0.007772684097290039,0.002897024154663086,0.003283262252807617,0.007888317108154297,19069.0,19790.0,64.0,64.0
0.0472,2.167615165245244,2.173215309109248,2.171711638368998,2.1655264127165346,0.009244441986083984,0.0029900074005126953,0.003716707229614258,0.009702205657958984,18912.0,19627.0,64.0,64.0
0.0474,2.165803269705616,2.1736496493082793,2.171711638368998,2.1655264127165346,0.009182214736938477,0.003293275833129883,0.0037713050842285156,0.008607864379882812,18757.0,19466.0,64.0,64.0
0.047599999999999996,2.1657824045246,2.1710411509524556,2.171711638368998,2.1476513865345197,0.009298324584960938,0.0028231143951416016,0.003305673599243164,0.0070569515228271484,18604.0,19307.0,64.0,32.0
0.047799999999999995,2.1690131025904242,2.1733469995488024,2.171711638368998,2.1476513865345197,0.0081939697265625,0.0032930374145507812,0.003930091857910156,0.0077972412109375,18453.0,19151.0,64.0,32.0
0.048,2.170016631734192,2.173181912207594,2.171711638368998,2.1476513865345197,0.010274648666381836,0.0032439231872558594,0.00394749641418457,0.008291244506835938,18304.0,18996.0,64.0,32.0
0.0482,2.170079185210961,2.171519446797434,2.171711638368998,2.1476513865345197,0.009542226791381836,0.0037469863891601562,0.004007101058959961,0.007995128631591797,18156.0,18842.0,64.0,32.0
0.0484,2.170241758960334,2.171651934861014,2.171711638368998,2.1476513865345197,0.008885860443115234,0.0030367374420166016,0.0037610530853271484,0.007730722427368164,18011.0,18691.0,64.0,32.0
0.0486,2.1682433716877814,2.1750345005359004,2.171711638368998,2.1476513865345197,0.00842905044555664,0.0030698776245117188,0.003512859344482422,0.00682377815246582,17867.0,18542.0,64.0,32.0
0.048799999999999996,2.1678797063149755,2.1764432863725256,2.171711638368998,2.1476513865345197,0.008125782012939453,0.002605438232421875,0.0031480789184570312,0.006886959075927734,17725.0,18395.0,64.0,32.0
0.048999999999999995,2.1676157178394844,2.1778254825861945,2.171711638368998,2.1476513865345197,0.007308006286621094,0.002496957778930664,0.0031163692474365234,0.0065784454345703125,17585.0,18249.0,64.0,32.0
0.0492,2.167352513944508,2.175783113657807,2.171711638368998,2.1476513865345197,0.007982254028320312,0.0027892589569091797,0.0030934810638427734,0.0063855648040771484,17446.0,18105.0,64.0,32.0
0.0494,2.1664437395092713,2.1775616544633625,2.171711638368998,2.1476513865345197,0.007572174072265625,0.0024673938751220703,0.003075122833251953,0.006937980651855469,17309.0,17963.0,64.0,32.0
0.0496,2.1647941867215494,2.1778674300121983,2.171711638368998,2.1476513865345197,0.0072784423828125,0.002539396286010742,0.003177165985107422,0.0068128108978271484,17174.0,17822.0,64.0,32.0
0.0498,2.164060121192015,2.1803835861871566,2.171711638368998,2.1476513865345197,0.0075342655181884766,0.0031533241271972656,0.0036573410034179688,0.0072596073150634766,17041.0,17684.0,64.0,32.0
0.049999999999999996,2.165223457303874,2.178902081103315,2.171711638368998,2.1476513865345197,0.008030414581298828,0.0027158260345458984,0.0034971237182617188,0.007269382476806641,16909.0,17546.0,64.0,32.0
0.050199999999999995,2.1655309283442192,2.1780171193824027,2.171711638368998,2.1476513865345197,0.007615566253662109,0.0026845932006835938,0.0033864974975585938,0.007865667343139648,16778.0,17411.0,64.0,32.0
0.0504,2.165234535674191,2.1793746172274164,2.171711638368998,2.1476513865345197,0.00804281234741211,0.002836465835571289,0.003375530242919922,0.0065042972564697266,16649.0,17277.0,64.0,32.0
0.0506,2.1673389594136134,2.1791465728672565,2.171711638368998,2.1476513865345197,0.0075566768646240234,0.0026009082794189453,0.0032448768615722656,0.006821632385253906,16522.0,17145.0,64.0,32.0
0.0508,2.168582980781727,2.179962975011011,2.171711638368998,2.1476513865345197,0.00693511962890625,0.002454519271850586,0.003164052963256836,0.006814241409301758,16396.0,17014.0,64.0,32.0
0.051,2.1672956199202513,2.181542787584971,2.171711638368998,2.1476513865345197,0.007422685623168945,0.002588510513305664,0.0033969879150390625,0.007427692413330078,16272.0,16885.0,64.0,32.0
0.051199999999999996,2.1684688658367004,2.180558163032687,2.171711638368998,2.1476513865345197,0.008301734924316406,0.0026395320892333984,0.0035948753356933594,0.00713658332824707,16149.0,16757.0,64.0,32.0
0.051399999999999994,2.1652986641540393,2.1809766814626177,2.171711638368998,2.1476513865345197,0.008097410202026367,0.0027964115142822266,0.004132270812988281,0.00832819938659668,16028.0,16631.0,64.0,32.0
0.0516,2.1635350041003325,2.1795773383296417,2.171711638368998,2.1476513865345197,0.00835418701171875,0.0029191970825195312,0.0037832260131835938,0.008322954177856445,15908.0,16506.0,64.0,32.0
0.0518,2.162700059939149,2.181346506365259,2.171711638368998,2.1476513865345197,0.008399486541748047,0.002956390380859375,0.00403141975402832,0.008408546447753906,15789.0,16383.0,64.0,32.0
0.052,2.1621439480206885,2.179544537595193,2.171711638368998,2.1476513865345197,0.008699178695678711,0.0031375885009765625,0.004027605056762695,0.007742166519165039,15672.0,16261.0,64.0,32.0
0.052199999999999996,2.161099279395745,2.1819067597976507,2.171711638368998,2.1476513865345197,0.008224248886108398,0.0028057098388671875,0.0040400028228759766,0.008340120315551758,15556.0,16141.0,64.0,32.0
0.052399999999999995,2.1640236535822495,2.1818698795054194,2.171711638368998,2.1476513865345197,0.009551286697387695,0.0033512115478515625,0.0041539669036865234,0.008508920669555664,15441.0,16022.0,64.0,32.0
0.0526,2.164709053258465,2.18227453554946,2.171711638368998,2.1476513865345197,0.008368492126464844,0.0028188228607177734,0.004256486892700195,0.007871627807617188,15328.0,15904.0,64.0,32.0
0.0528,2.162267034946841,2.180966669606224,2.171711638368998,2.1476513865345197,0.007470369338989258,0.0025632381439208984,0.003384113311767578,0.006762266159057617,15216.0,15788.0,64.0,32.0
0.053,2.161363900420574,2.1808873317815176,2.171711638368998,2.1476513865345197,0.006845951080322266,0.002280712127685547,0.003056764602661133,0.006348609924316406,15105.0,15673.0,64.0,32.0
0.0532,2.161104994499315,2.178552256854933,2.171711638368998,2.1476513865345197,0.00635075569152832,0.0021600723266601562,0.003068208694458008,0.006423473358154297,14996.0,15559.0,64.0,32.0
0.053399999999999996,2.16260541111076,2.178811911321444,2.171711638368998,2.1476513865345197,0.005873918533325195,0.0023870468139648438,0.003112316131591797,0.006753444671630859,14887.0,15446.0,64.0,32.0
0.053599999999999995,2.162917836296929,2.178536964212962,2.171711638368998,2.1476513865345197,0.0071337223052978516,0.0027246475219726562,0.0033605098724365234,0.007065296173095703,14780.0,15335.0,64.0,32.0
0.0538,2.1623349826458296,2.1802801546818755,2.171711638368998,2.1476513865345197,0.007862091064453125,0.0025975704193115234,0.003448486328125,0.00712132453918457,14674.0,15225.0,64.0,32.0
0.054,2.161455885387248,2.1810999194000678,2.171711638368998,2.1476513865345197,0.0069735050201416016,0.002724170684814453,0.0041255950927734375,0.008000373840332031,14570.0,15116.0,64.0,32.0
0.0542,2.1615346854420676,2.1822401799663718,2.171711638368998,2.1476513865345197,0.00787496566772461,0.002798318862915039,0.003814697265625,0.008112430572509766,14466.0,15009.0,64.0,32.0
0.0544,2.162909123088235,2.1822267100337838,2.171711638368998,2.1476513865345197,0.007787466049194336,0.002781391143798828,0.003679037094116211,0.007909536361694336,14364.0,14902.0,64.0,32.0
0.054599999999999996,2.1635427391886406,2.1808120544878684,2.171711638368998,2.1476513865345197,0.007846832275390625,0.003435373306274414,0.0037965774536132812,0.007628440856933594,14262.0,14797.0,64.0,32.0
0.054799999999999995,2.164214862390563,2.1800448265473764,2.171711638368998,2.1476513865345197,0.007118701934814453,0.002447843551635742,0.0034439563751220703,0.007677316665649414,14162.0,14693.0,64.0,32.0
0.055,2.1626188621723683,2.179472826797697,2.171711638368998,2.1476513865345197,0.006130695343017578,0.002270221710205078,0.0031974315643310547,0.00681757926940918,14063.0,14590.0,64.0,32.0
0.0552,2.161486200768454,2.178961772196489,2.171711638368998,2.1476513865345197,0.006226301193237305,0.002324342727661133,0.003082752227783203,0.006079435348510742,13965.0,14488.0,64.0,32.0
0.0554,2.1624424567301395,2.180750214486375,2.171711638368998,2.1476513865345197,0.0062408447265625,0.0022525787353515625,0.0030791759490966797,0.006520986557006836,13868.0,14388.0,64.0,32.0
0.0556,2.1610141509409484,2.181423994317971,2.171711638368998,2.1476513865345197,0.006359100341796875,0.0022344589233398438,0.003391742706298828,0.007336616516113281,13772.0,14288.0,64.0,32.0
0.055799999999999995,2.1603739240753668,2.1848983482481135,2.171711638368998,2.1476513865345197,0.006968259811401367,0.0025124549865722656,0.0036618709564208984,0.008063316345214844,13677.0,14189.0,64.0,32.0
0.055999999999999994,2.1620733250773756,2.1861664530176164,2.171711638368998,2.1476513865345197,0.00695347785949707,0.002828359603881836,0.0038030147552490234,0.007379770278930664,13583.0,14092.0,64.0,32.0
0.0562,2.1611492250212465,2.189604002711352,2.171711638368998,2.1476513865345197,0.007269144058227539,0.002538919448852539,0.0035958290100097656,0.0073261260986328125,13491.0,13995.0,64.0,32.0
0.0564,2.1592260243294477,2.1909173088073737,2.171711638368998,2.1476513865345197,0.007007598876953125,0.0025436878204345703,0.003914833068847656,0.00835418701171875,13399.0,13900.0,64.0,32.0
0.0566,2.1597308547843648,2.192409487052362,2.171711638368998,2.1476513865345197,0.007547855377197266,0.003308534622192383,0.0045070648193359375,0.00882411003112793,13308.0,13806.0,64.0,32.0
0.056799999999999996,2.159469331616409,2.1922622539358585,2.171711638368998,2.1476513865345197,0.007997751235961914,0.0027167797088623047,0.0038945674896240234,0.008696556091308594,13218.0,13712.0,64.0,32.0
0.056999999999999995,2.1583335089766527,2.190559172942065,2.171711638368998,2.1476513865345197,0.00664210319519043,0.002918720245361328,0.003562450408935547,0.006987810134887695,13129.0,13620.0,64.0,32.0
0.057199999999999994,2.1579520410590702,2.189161268333479,2.171711638368998,2.1476513865345197,0.00653386116027832,0.002270221710205078,0.0033011436462402344,0.006913661956787109,13041.0,13528.0,64.0,32.0
0.0574,2.158169672856173,2.1875910202531754,2.171711638368998,2.1476513865345197,0.006112337112426758,0.0022377967834472656,0.0033326148986816406,0.007096052169799805,12954.0,13438.0,64.0,32.0
0.0576,2.1566155841434496,2.1872696746086633,2.171711638368998,2.1476513865345197,0.005929231643676758,0.0021567344665527344,0.0033788681030273438,0.00683283805847168,12867.0,13348.0,64.0,32.0
0.0578,2.1576714962948587,2.184640968651833,2.171711638368998,2.1476513865345197,0.006009578704833984,0.0022284984588623047,0.00347900390625,0.006624698638916016,12782.0,13259.0,64.0,32.0
0.057999999999999996,2.1610041297205793,2.1842337599514785,2.171711638368998,2.1476513865345197,0.00636744499206543,0.002410888671875,0.003454923629760742,0.00707554817199707,12698.0,13172.0,64.0,32.0
0.058199999999999995,2.162999736387044,2.1802231743506453,2.171711638368998,2.1476513865345197,0.0069196224212646484,0.002496957778930664,0.003719806671142578,0.007891178131103516,12614.0,13085.0,64.0,32.0
0.0584,2.1622936751382706,2.181616819083952,2.171711638368998,2.1476513865345197,0.0066242218017578125,0.0026051998138427734,0.004533052444458008,0.008361577987670898,12531.0,12999.0,64.0,32.0
0.0586,2.163138245820911,2.1809072205440225,2.171711638368998,2.1476513865345197,0.0076334476470947266,0.0026857852935791016,0.0039997100830078125,0.00794672966003418,12449.0,12914.0,64.0,32.0
0.0588,2.1639927836169215,2.182526200829968,2.171711638368998,2.1476513865345197,0.0066661834716796875,0.002445220947265625,0.0036470890045166016,0.0075991153717041016,12368.0,12829.0,64.0,32.0
0.059,2.1643492769573354,2.18145120855904,2.171711638368998,2.1476513865345197,0.005783557891845703,0.0021524429321289062,0.003410816192626953,0.006934642791748047,12288.0,12746.0,64.0,32.0
0.059199999999999996,2.162598771388965,2.180807692776506,2.171711638368998,2.1476513865345197,0.005897998809814453,0.0022406578063964844,0.003187894821166992,0.006066083908081055,12209.0,12664.0,64.0,32.0
0.059399999999999994,2.164607151269694,2.1824110267167773,2.171711638368998,2.1476513865345197,0.0057010650634765625,0.002175569534301758,0.0031082630157470703,0.006781816482543945,12130.0,12582.0,64.0,32.0
0.0596,2.164556033062379,2.178298325622633,2.171711638368998,2.1476513865345197,0.006650447845458984,0.002228975296020508,0.003431081771850586,0.0069582462310791016,12052.0,12501.0,64.0,32.0
0.0598,2.1650507923818725,2.1777946683931177,2.171711638368998,2.1476513865345197,0.006580352783203125,0.00225067138671875,0.0034265518188476562,0.00748443603515625,11975.0,12421.0,64.0,32.0
0.06,2.1635096175386725,2.180898944756911,2.171711638368998,2.1476513865345197,0.006001949310302734,0.0021927356719970703,0.003386259078979492,0.006810426712036133,11899.0,12342.0,64.0,32.0
0.0602,2.162309498334703,2.1823324494222534,2.171711638368998,2.1476513865345197,0.006162166595458984,0.0023751258850097656,0.0035393238067626953,0.007186174392700195,11823.0,12263.0,64.0,32.0
0.060399999999999995,2.1623254293431846,2.182308258661682,2.171711638368998,2.1476513865345197,0.006041765213012695,0.0022628307342529297,0.0035865306854248047,0.007628440856933594,11748.0,12185.0,64.0,32.0
0.060599999999999994,2.166638615019323,2.183365843454935,2.171711638368998,2.1476513865345197,0.006223201751708984,0.002343416213989258,0.003559589385986328,0.008136749267578125,11674.0,12109.0,64.0,32.0
0.0608,2.164863526491397,2.1833373423986875,2.171711638368998,2.1476513865345197,0.006112098693847656,0.002244234085083008,0.003522157669067383,0.00694584846496582,11601.0,12032.0,64.0,32.0
0.061,2.1631088103593576,2.1819659588246716,2.171711638368998,2.1476513865345197,0.005871772766113281,0.0021893978118896484,0.0033729076385498047,0.007162809371948242,11528.0,11957.0,64.0,32.0
0.0612,2.163160920766724,2.1822761770066372,2.171711638368998,2.1476513865345197,0.0059320926666259766,0.002267599105834961,0.0035865306854248047,0.007276058197021484,11457.0,11882.0,64.0,32.0
0.061399999999999996,2.163475462385976,2.1853735085790458,2.171711638368998,2.1476513865345197,0.005819797515869141,0.0023097991943359375,0.0036242008209228516,0.007626533508300781,11385.0,11808.0,64.0,32.0
0.061599999999999995,2.161249938046322,2.1850035342260363,2.171711638368998,2.1476513865345197,0.006214141845703125,0.0023241043090820312,0.0036809444427490234,0.008048295974731445,11315.0,11735.0,64.0,32.0
0.061799999999999994,2.161592875334527,2.183923655455485,2.171711638368998,2.1476513865345197,0.00642085075378418,0.0023581981658935547,0.0038084983825683594,0.007820367813110352,11245.0,11663.0,64.0,32.0
0.062,2.165548231505815,2.1862722124062253,2.171711638368998,2.1476513865345197,0.006088733673095703,0.0024220943450927734,0.0036079883575439453,0.007151126861572266,11176.0,11591.0,64.0,32.0
0.0622,2.16482662027304,2.1859228227106575,2.171711638368998,2.1476513865345197,0.0055484771728515625,0.0021049976348876953,0.003312826156616211,0.007171154022216797,11108.0,11520.0,64.0,32.0
0.0624,2.1664429161311944,2.1865863844782147,2.171711638368998,2.1476513865345197,0.00531005859375,0.0020122528076171875,0.0032465457916259766,0.0072748661041259766,11040.0,11449.0,64.0,32.0
0.06259999999999999,2.1688253137289126,2.1847528533549716,2.171711638368998,2.1476513865345197,0.005407571792602539,0.0019998550415039062,0.0033588409423828125,0.006638526916503906,10973.0,11379.0,64.0,32.0
0.0628,2.168324521373904,2.1840468853665422,2.171711638368998,2.1476513865345197,0.005319118499755859,0.0019631385803222656,0.0032236576080322266,0.006503105163574219,10906.0,11310.0,64.0,32.0
0.06299999999999999,2.166811838599158,2.182508469453557,2.171711638368998,2.1476513865345197,0.004912614822387695,0.0018923282623291016,0.0030770301818847656,0.00681304931640625,10840.0,11242.0,64.0,32.0
0.06319999999999999,2.1641017324592924,2.1817898433842706,2.171711638368998,2.1476513865345197,0.00501251220703125,0.0018496513366699219,0.003168821334838867,0.006902456283569336,10775.0,11174.0,64.0,32.0
0.06339999999999998,2.164445019310374,2.1824028228733305,2.171711638368998,2.1476513865345197,0.005401611328125,0.0019571781158447266,0.003165721893310547,0.006855010986328125,10710.0,11107.0,64.0,32.0
0.06359999999999999,2.1636107398215616,2.1817877690478507,2.171711638368998,2.1476513865345197,0.005032539367675781,0.0018963813781738281,0.0032160282135009766,0.006726741790771484,10646.0,11040.0,64.0,32.0
0.0638,2.161636546662233,2.18075615514509,2.171711638368998,2.1476513865345197,0.005041599273681641,0.0019161701202392578,0.0031652450561523438,0.0070650577545166016,10583.0,10975.0,64.0,32.0
0.06399999999999999,2.164167049600657,2.1824562115879447,2.171711638368998,2.1476513865345197,0.005462169647216797,0.0021600723266601562,0.003425121307373047,0.007375001907348633,10520.0,10909.0,64.0,32.0
0.0642,2.1653225929293,2.1840920675739186,2.157362036866684,2.1476513865345197,0.005625247955322266,0.0020546913146972656,0.0024394989013671875,0.0073239803314208984,10458.0,10845.0,32.0,32.0
0.06439999999999999,2.162480749024704,2.1828152418616797,2.157362036866684,2.1476513865345197,0.0052032470703125,0.0019626617431640625,0.002321004867553711,0.006884098052978516,10396.0,10780.0,32.0,32.0
0.06459999999999999,2.162932633743877,2.1852478228691323,2.157362036866684,2.1476513865345197,0.0049588680267333984,0.0018384456634521484,0.0021343231201171875,0.0068531036376953125,10335.0,10717.0,32.0,32.0
0.0648,2.1656376435761486,2.187141736453525,2.157362036866684,2.1476513865345197,0.005279541015625,0.0021321773529052734,0.00255584716796875,0.007786750793457031,10274.0,10654.0,32.0,32.0
0.06499999999999999,2.1677386702367025,2.1858400794073205,2.157362036866684,2.1476513865345197,0.0058634281158447266,0.002235889434814453,0.002674102783203125,0.00820612907409668,10214.0,10592.0,32.0,32.0
0.0652,2.1645143577209467,2.184566120576075,2.157362036866684,2.1476513865345197,0.0057070255279541016,0.002221345901489258,0.0026586055755615234,0.007722616195678711,10155.0,10530.0,32.0,32.0
0.06539999999999999,2.1657148540424687,2.187408483367321,2.157362036866684,2.1476513865345197,0.005831718444824219,0.002216815948486328,0.0026831626892089844,0.007822275161743164,10096.0,10469.0,32.0,32.0
0.06559999999999999,2.1675885025032335,2.186334804784388,2.157362036866684,2.1476513865345197,0.005257606506347656,0.002033233642578125,0.002385854721069336,0.0073888301849365234,10038.0,10408.0,32.0,32.0
0.06579999999999998,2.1683209550482587,2.1862342702182747,2.157362036866684,2.1476513865345197,0.005095958709716797,0.001995086669921875,0.0023195743560791016,0.00684356689453125,9980.0,10348.0,32.0,32.0
0.06599999999999999,2.1714704887443017,2.1858621429088556,2.157362036866684,2.1476513865345197,0.005129098892211914,0.001867055892944336,0.002317190170288086,0.006702899932861328,9923.0,10289.0,32.0,32.0
0.0662,2.1733479440065686,2.1872146982634044,2.157362036866684,2.1476513865345197,0.0056438446044921875,0.002015829086303711,0.0024755001068115234,0.008053064346313477,9866.0,10230.0,32.0,32.0
0.06639999999999999,2.1730315929302004,2.1887835296516043,2.157362036866684,2.1476513865345197,0.005513429641723633,0.002196073532104492,0.002526521682739258,0.007630825042724609,9810.0,10171.0,32.0,32.0
0.06659999999999999,2.1700636717050816,2.1900118173117598,2.157362036866684,2.1476513865345197,0.005388021469116211,0.0020194053649902344,0.002472400665283203,0.007233142852783203,9754.0,10113.0,32.0,32.0
0.06679999999999998,2.168667201656185,2.1906693903159806,2.157362036866684,2.1476513865345197,0.004984617233276367,0.00199127197265625,0.002377748489379883,0.006664276123046875,9699.0,10056.0,32.0,32.0
0.06699999999999999,2.1665664081139724,2.1911811933381156,2.157362036866684,2.1476513865345197,0.004823446273803711,0.0017724037170410156,0.0021398067474365234,0.006807804107666016,9644.0,9999.0,32.0,32.0
0.0672,2.164926632632162,2.1938043631308837,2.157362036866684,2.1476513865345197,0.0053424835205078125,0.0018279552459716797,0.0022585391998291016,0.0066106319427490234,9590.0,9943.0,32.0,32.0
0.06739999999999999,2.1636495273669456,2.1941151767449707,2.157362036866684,2.1476513865345197,0.004785299301147461,0.0018181800842285156,0.002223968505859375,0.0067484378814697266,9536.0,9887.0,32.0,32.0
0.0676,2.1635267183806293,2.1962259663122787,2.157362036866684,2.1476513865345197,0.0046863555908203125,0.001852273941040039,0.002255678176879883,0.007079601287841797,9482.0,9831.0,32.0,32.0
0.06779999999999999,2.1631055205443483,2.1966782113635466,2.157362036866684,2.1476513865345197,0.004837989807128906,0.0018608570098876953,0.0023353099822998047,0.007565021514892578,9430.0,9776.0,32.0,32.0
0.06799999999999999,2.1621830030849374,2.196190128003378,2.157362036866684,2.1476513865345197,0.004889488220214844,0.0019078254699707031,0.0024237632751464844,0.007182121276855469,9377.0,9722.0,32.0,32.0
0.06819999999999998,2.160713793100276,2.194253450634333,2.157362036866684,2.1476513865345197,0.004934072494506836,0.0019559860229492188,0.002454996109008789,0.0069620609283447266,9325.0,9668.0,32.0,32.0
0.06839999999999999,2.162021813876751,2.193745424199025,2.157362036866684,2.1476513865345197,0.004991292953491211,0.0019097328186035156,0.0024025440216064453,0.006773710250854492,9274.0,9615.0,32.0,32.0
0.0686,2.162538331602487,2.193567084649359,2.157362036866684,2.1476513865345197,0.00487828254699707,0.0018703937530517578,0.0022733211517333984,0.007116079330444336,9223.0,9562.0,32.0,32.0
0.06879999999999999,2.165645251025028,2.1925347878514283,2.157362036866684,2.1476513865345197,0.004496097564697266,0.0018191337585449219,0.002248525619506836,0.006716012954711914,9172.0,9509.0,32.0,32.0
0.06899999999999999,2.164761995987507,2.193306544143427,2.157362036866684,2.1476513865345197,0.0046160221099853516,0.0017905235290527344,0.0022499561309814453,0.006947040557861328,9122.0,9457.0,32.0,32.0
0.06919999999999998,2.163824976006618,2.1915864874120965,2.157362036866684,2.1476513865345197,0.004845619201660156,0.0018856525421142578,0.0023326873779296875,0.007058382034301758,9072.0,9405.0,32.0,32.0
0.06939999999999999,2.1633527486496837,2.188407003663941,2.157362036866684,2.1476513865345197,0.0047833919525146484,0.0018420219421386719,0.0023193359375,0.007225751876831055,9023.0,9354.0,32.0,32.0
0.0696,2.166327633272289,2.1878030493680383,2.157362036866684,2.1476513865345197,0.0044171810150146484,0.0017423629760742188,0.0022466182708740234,0.006588935852050781,8974.0,9303.0,32.0,32.0
0.06979999999999999,2.167208440122534,2.1911712252859217,2.157362036866684,2.1476513865345197,0.0046346187591552734,0.0018277168273925781,0.002254486083984375,0.0066165924072265625,8926.0,9253.0,32.0,32.0
0.06999999999999999,2.164910620879034,2.191865049222542,2.157362036866684,2.1476513865345197,0.00481867790222168,0.0018956661224365234,0.002462625503540039,0.006886482238769531,8878.0,9203.0,32.0,32.0
0.07019999999999998,2.1640466555957008,2.1931064295720186,2.157362036866684,2.1476513865345197,0.004865407943725586,0.0018451213836669922,0.0023860931396484375,0.007686138153076172,8830.0,9154.0,32.0,32.0
0.07039999999999999,2.165456026221356,2.195068431531977,2.157362036866684,2.1476513865345197,0.00464177131652832,0.0018684864044189453,0.0024499893188476562,0.007554769515991211,8783.0,9105.0,32.0,32.0
0.07059999999999998,2.166983092398697,2.1949744517400744,2.157362036866684,2.1476513865345197,0.005101680755615234,0.0019533634185791016,0.0025262832641601562,0.007481098175048828,8736.0,9056.0,32.0,32.0
0.07079999999999999,2.1672974937026854,2.19478519356808,2.157362036866684,2.1476513865345197,0.005578517913818359,0.0022001266479492188,0.0027008056640625,0.0076482295989990234,8690.0,9008.0,32.0,32.0
0.071,2.1656692398524906,2.1980714050162065,2.157362036866684,2.1476513865345197,0.0052793025970458984,0.0020494461059570312,0.0026366710662841797,0.007517337799072266,8644.0,8960.0,32.0,32.0
0.07119999999999999,2.164087902660938,2.1983261505082416,2.157362036866684,2.1476513865345197,0.004724264144897461,0.0018739700317382812,0.0025327205657958984,0.006787776947021484,8598.0,8913.0,32.0,32.0
0.07139999999999999,2.1635173617170773,2.1982696085267133,2.157362036866684,2.1476513865345197,0.004692554473876953,0.0018417835235595703,0.0025446414947509766,0.006993770599365234,8553.0,8866.0,32.0,32.0
0.07159999999999998,2.165271899984881,2.2011248845408695,2.157362036866684,2.1476513865345197,0.004971981048583984,0.001917123794555664,0.0024747848510742188,0.007064104080200195,8508.0,8819.0,32.0,32.0
0.07179999999999999,2.1652163638148822,2.200949348622595,2.157362036866684,2.1476513865345197,0.0047702789306640625,0.0019469261169433594,0.0024154186248779297,0.007242679595947266,8464.0,8773.0,32.0,32.0
0.072,2.16671491327749,2.202744752888033,2.157362036866684,2.1476513865345197,0.004622220993041992,0.0017850399017333984,0.0023593902587890625,0.0069980621337890625,8420.0,8727.0,32.0,32.0
0.07219999999999999,2.166425986301001,2.2035999292658137,2.157362036866684,2.1476513865345197,0.004655122756958008,0.0017762184143066406,0.0023238658905029297,0.007101297378540039,8376.0,8682.0,32.0,32.0
0.07239999999999999,2.164215206324883,2.201172641145678,2.157362036866684,2.1476513865345197,0.004515886306762695,0.0018579959869384766,0.0024335384368896484,0.0072252750396728516,8332.0,8637.0,32.0,32.0
0.07259999999999998,2.163840963694259,2.2004658620405273,2.157362036866684,2.1476513865345197,0.004723787307739258,0.0018885135650634766,0.00241851806640625,0.007337808609008789,8289.0,8592.0,32.0,32.0
0.07279999999999999,2.162124314387501,2.1992702537747797,2.157362036866684,2.1476513865345197,0.004770517349243164,0.0017843246459960938,0.0023245811462402344,0.00693202018737793,8247.0,8548.0,32.0,32.0
0.073,2.164230811816023,2.1994734956108677,2.157362036866684,2.1476513865345197,0.004603862762451172,0.0018270015716552734,0.0023233890533447266,0.0069959163665771484,8204.0,8504.0,32.0,32.0
0.07319999999999999,2.1630425788992342,2.2002677450250605,2.157362036866684,2.1476513865345197,0.00452876091003418,0.0018520355224609375,0.002401590347290039,0.0073816776275634766,8162.0,8460.0,32.0,32.0
0.07339999999999999,2.1641776097876386,2.1999003361915457,2.157362036866684,2.1476513865345197,0.004400968551635742,0.0018651485443115234,0.00241851806640625,0.007210969924926758,8121.0,8417.0,32.0,32.0
0.07359999999999998,2.163758405464869,2.197819175207421,2.157362036866684,2.1476513865345197,0.004542350769042969,0.0017626285552978516,0.002344369888305664,0.006993293762207031,8080.0,8374.0,32.0,32.0
0.07379999999999999,2.163806358048987,2.200393419318678,2.157362036866684,2.1476513865345197,0.0046727657318115234,0.0018241405487060547,0.0024383068084716797,0.007016420364379883,8039.0,8331.0,32.0,32.0
0.07399999999999998,2.1627599024457362,2.199880963573127,2.157362036866684,2.1476513865345197,0.004471302032470703,0.0018563270568847656,0.002332448959350586,0.006983041763305664,7998.0,8289.0,32.0,32.0
0.07419999999999999,2.1617084221895184,2.198155128907907,2.157362036866684,2.1476513865345197,0.0042803287506103516,0.0017549991607666016,0.00234222412109375,0.007361888885498047,7958.0,8247.0,32.0,32.0
0.0744,2.1615744686765384,2.195303512348409,2.157362036866684,2.1476513865345197,0.004301548004150391,0.001756906509399414,0.0023326873779296875,0.007180452346801758,7918.0,8206.0,32.0,32.0
0.07459999999999999,2.163643343977065,2.1960881268351726,2.157362036866684,2.1476513865345197,0.00414276123046875,0.0017099380493164062,0.0023088455200195312,0.006888866424560547,7878.0,8165.0,32.0,32.0
0.07479999999999999,2.1635653167726683,2.1981387893822535,2.157362036866684,2.1476513865345197,0.004406452178955078,0.0018541812896728516,0.002481222152709961,0.0073544979095458984,7839.0,8124.0,32.0,32.0
0.07499999999999998,2.162601549545718,2.196594191703189,2.157362036866684,2.1476513865345197,0.004562854766845703,0.0018925666809082031,0.002439260482788086,0.007253170013427734,7800.0,8083.0,32.0,32.0
0.07519999999999999,2.1616813101014367,2.197378066208806,2.157362036866684,2.1476513865345197,0.004519939422607422,0.0017864704132080078,0.0024132728576660156,0.00718379020690918,7761.0,8043.0,32.0,32.0
0.0754,2.159191161835328,2.1959859596552134,2.157362036866684,2.1476513865345197,0.004342794418334961,0.0018341541290283203,0.0024340152740478516,0.0072174072265625,7723.0,8003.0,32.0,32.0
0.07559999999999999,2.1609335967352874,2.1959592320536565,2.157362036866684,2.1476513865345197,0.0043332576751708984,0.0017218589782714844,0.0023839473724365234,0.006846904754638672,7684.0,7963.0,32.0,32.0
0.07579999999999999,2.159344526976867,2.197229624527594,2.157362036866684,2.1476513865345197,0.0038111209869384766,0.0017027854919433594,0.0021734237670898438,0.006654500961303711,7647.0,7924.0,32.0,32.0
0.07599999999999998,2.1579295767938467,2.197392292807625,2.157362036866684,2.1476513865345197,0.0036482810974121094,0.0014421939849853516,0.002064943313598633,0.0060100555419921875,7609.0,7885.0,32.0,32.0
0.07619999999999999,2.1580806677800033,2.2000341404259878,2.157362036866684,2.1476513865345197,0.003506898880004883,0.0014560222625732422,0.0022187232971191406,0.0056951045989990234,7572.0,7847.0,32.0,32.0
0.07639999999999998,2.157433136110734,2.2044684672047516,2.157362036866684,2.1476513865345197,0.003430604934692383,0.0014607906341552734,0.0019311904907226562,0.0060732364654541016,7535.0,7808.0,32.0,32.0
0.07659999999999999,2.1565468831671266,2.203629554869964,2.157362036866684,2.1476513865345197,0.00360870361328125,0.0014824867248535156,0.0020017623901367188,0.006200075149536133,7498.0,7770.0,32.0,32.0
0.0768,2.159526128114834,2.2030298848054164,2.157362036866684,2.1476513865345197,0.0033693313598632812,0.0015869140625,0.0020418167114257812,0.005939960479736328,7462.0,7732.0,32.0,32.0
0.07699999999999999,2.1601887171035354,2.2021954294712414,2.157362036866684,2.1476513865345197,0.0036416053771972656,0.0015170574188232422,0.0023458003997802734,0.006525993347167969,7426.0,7695.0,32.0,32.0
0.07719999999999999,2.157904358799821,2.204392870787844,2.157362036866684,2.1476513865345197,0.0038323402404785156,0.0015902519226074219,0.0022242069244384766,0.0068433284759521484,7390.0,7658.0,32.0,32.0
0.07739999999999998,2.1565602974250213,2.2026552713037217,2.157362036866684,2.1476513865345197,0.004508256912231445,0.0017650127410888672,0.002463817596435547,0.0077435970306396484,7355.0,7621.0,32.0,32.0
0.07759999999999999,2.1547317274925426,2.2011923465311907,2.157362036866684,2.1476513865345197,0.004801273345947266,0.0018756389617919922,0.0025420188903808594,0.00729823112487793,7320.0,7584.0,32.0,32.0
0.0778,2.153701521341353,2.2045308908648225,2.157362036866684,2.1476513865345197,0.0045623779296875,0.001813650131225586,0.0026133060455322266,0.007979154586791992,7285.0,7548.0,32.0,32.0
0.07799999999999999,2.1530740958501777,2.2042304817663774,2.157362036866684,2.1476513865345197,0.00480341911315918,0.0019731521606445312,0.0028595924377441406,0.00877237319946289,7250.0,7512.0,32.0,32.0
0.07819999999999999,2.153539776706025,2.203520075326126,2.157362036866684,2.1476513865345197,0.004987478256225586,0.0022759437561035156,0.002987384796142578,0.008377552032470703,7216.0,7476.0,32.0,32.0
0.07839999999999998,2.1540557622088534,2.2072142362924874,2.157362036866684,2.1476513865345197,0.0048487186431884766,0.0019030570983886719,0.0026502609252929688,0.007578134536743164,7181.0,7441.0,32.0,32.0
0.07859999999999999,2.151847859615957,2.2066438384876697,2.157362036866684,2.1476513865345197,0.004259347915649414,0.0017309188842773438,0.0024216175079345703,0.007316112518310547,7147.0,7406.0,32.0,32.0
0.0788,2.1535362181028734,2.204918224362473,2.157362036866684,2.1476513865345197,0.0039215087890625,0.0015799999237060547,0.002269744873046875,0.006764411926269531,7114.0,7371.0,32.0,32.0
0.07899999999999999,2.1552970551623107,2.2040475979164915,2.157362036866684,2.1476513865345197,0.003622770309448242,0.001508951187133789,0.0020720958709716797,0.006395101547241211,7080.0,7336.0,32.0,32.0
0.07919999999999999,2.1576217996406966,2.201920138266898,2.157362036866684,2.1476513865345197,0.0034563541412353516,0.0014905929565429688,0.002154111862182617,0.005696773529052734,7047.0,7301.0,32.0,32.0
0.07939999999999998,2.160242388549661,2.2005247334666147,2.157362036866684,2.1476513865345197,0.003398418426513672,0.001477956771850586,0.002098560333251953,0.006658792495727539,7014.0,7267.0,32.0,32.0
0.07959999999999999,2.1597037520343543,2.200263519100761,2.157362036866684,2.1476513865345197,0.0036170482635498047,0.0014972686767578125,0.002138853073120117,0.00657343864440918,6982.0,7233.0,32.0,32.0
0.07979999999999998,2.1613227462543603,2.198706606912293,2.157362036866684,2.1476513865345197,0.003900766372680664,0.0017027854919433594,0.0023326873779296875,0.007723093032836914,6949.0,7200.0,32.0,32.0
0.07999999999999999,2.1615925918693906,2.1949757900788502,2.157362036866684,2.1476513865345197,0.004434347152709961,0.001950979232788086,0.002544403076171875,0.007246732711791992,6917.0,7166.0,32.0,32.0
0.0802,2.1606315508383767,2.1959366340940645,2.157362036866684,2.1476513865345197,0.004313468933105469,0.0017881393432617188,0.0026161670684814453,0.007903575897216797,6885.0,7133.0,32.0,32.0
0.08039999999999999,2.1623968243692135,2.197441804056837,2.157362036866684,2.1476513865345197,0.004366159439086914,0.0018362998962402344,0.002679586410522461,0.007737636566162109,6854.0,7100.0,32.0,32.0
0.08059999999999999,2.1640476267728617,2.196287213989106,2.157362036866684,2.1476513865345197,0.004214763641357422,0.0017693042755126953,0.002483367919921875,0.008108854293823242,6822.0,7068.0,32.0,32.0
0.08079999999999998,2.1650393355920206,2.1949564382445748,2.157362036866684,2.1476513865345197,0.0040781497955322266,0.0016732215881347656,0.00238037109375,0.007100582122802734,6791.0,7035.0,32.0,32.0
0.08099999999999999,2.1686960375493185,2.199020537486064,2.157362036866684,2.1476513865345197,0.004021644592285156,0.001668691635131836,0.0022897720336914062,0.006544351577758789,6760.0,7003.0,32.0,32.0
0.0812,2.170232614682747,2.1973162062009157,2.157362036866684,2.1476513865345197,0.003728628158569336,0.001750946044921875,0.0022678375244140625,0.006368875503540039,6729.0,6971.0,32.0,32.0
0.08139999999999999,2.1737622749955636,2.194384082060368,2.157362036866684,2.1476513865345197,0.0034513473510742188,0.0016281604766845703,0.0021848678588867188,0.006575822830200195,6699.0,6939.0,32.0,32.0
0.08159999999999999,2.1765164342310133,2.1948793524861165,2.157362036866684,2.1476513865345197,0.0036957263946533203,0.0015687942504882812,0.002302408218383789,0.006692409515380859,6669.0,6908.0,32.0,32.0
0.08179999999999998,2.1727941359456797,2.1976296786862513,2.157362036866684,2.1476513865345197,0.003923177719116211,0.0015714168548583984,0.0022330284118652344,0.0064580440521240234,6638.0,6877.0,32.0,32.0
0.08199999999999999,2.1744286790773732,2.1992399142225794,2.157362036866684,2.1476513865345197,0.0036592483520507812,0.0015125274658203125,0.00226593017578125,0.006833791732788086,6609.0,6846.0,32.0,32.0
0.08219999999999998,2.172600315007483,2.2000698029843835,2.157362036866684,2.1476513865345197,0.003662586212158203,0.0015103816986083984,0.002175569534301758,0.007181644439697266,6579.0,6815.0,32.0,32.0
0.08239999999999999,2.174419770481231,2.202614237412757,2.157362036866684,2.1476513865345197,0.003766298294067383,0.0016069412231445312,0.0025200843811035156,0.007784605026245117,6550.0,6784.0,32.0,32.0
0.08259999999999999,2.1751144958696726,2.1992809555959596,2.157362036866684,2.1476513865345197,0.004166603088378906,0.0018024444580078125,0.002534627914428711,0.007394552230834961,6520.0,6754.0,32.0,32.0
0.08279999999999998,2.177338944902189,2.200312693522863,2.157362036866684,2.1476513865345197,0.004162311553955078,0.0019876956939697266,0.002801179885864258,0.007675647735595703,6491.0,6724.0,32.0,32.0
0.08299999999999999,2.1749189736759975,2.1971872493884583,2.157362036866684,2.1476513865345197,0.004737377166748047,0.0019240379333496094,0.002869129180908203,0.008671045303344727,6463.0,6694.0,32.0,32.0
0.08319999999999998,2.176910944855705,2.197083753635865,2.157362036866684,2.1476513865345197,0.0044515132904052734,0.0018820762634277344,0.002663135528564453,0.007836103439331055,6434.0,6664.0,32.0,32.0
0.08339999999999999,2.177672711740691,2.1968134813886055,2.157362036866684,2.1476513865345197,0.0038940906524658203,0.0016596317291259766,0.002465486526489258,0.0070307254791259766,6406.0,6635.0,32.0,32.0
0.0836,2.1755241052028658,2.1962207734214423,2.157362036866684,2.1476513865345197,0.0036993026733398438,0.0015354156494140625,0.0022110939025878906,0.006520509719848633,6378.0,6606.0,32.0,32.0
0.08379999999999999,2.176260918142277,2.1961485222589245,2.157362036866684,2.1476513865345197,0.0035469532012939453,0.0017855167388916016,0.002360820770263672,0.007220745086669922,6350.0,6577.0,32.0,32.0
0.08399999999999999,2.1761287383059202,2.192885812607953,2.157362036866684,2.1476513865345197,0.003633260726928711,0.001645803451538086,0.0025353431701660156,0.006791830062866211,6322.0,6548.0,32.0,32.0
0.08419999999999998,2.1759005416045203,2.194232133539794,2.157362036866684,2.1476513865345197,0.0040776729583740234,0.0016951560974121094,0.0022830963134765625,0.006578922271728516,6294.0,6519.0,32.0,32.0
0.08439999999999999,2.175085334127421,2.193426222621717,2.157362036866684,2.1476513865345197,0.003719806671142578,0.0015263557434082031,0.002355813980102539,0.0072917938232421875,6267.0,6491.0,32.0,32.0
0.0846,2.17524089995282,2.1941859813592672,2.157362036866684,2.1476513865345197,0.003958463668823242,0.0017004013061523438,0.002418041229248047,0.0072782039642333984,6240.0,6462.0,32.0,32.0
0.08479999999999999,2.1743686316241533,2.1953874714266317,2.157362036866684,2.1476513865345197,0.0039119720458984375,0.0016326904296875,0.0023882389068603516,0.007287502288818359,6213.0,6434.0,32.0,32.0
0.08499999999999999,2.174776548468515,2.194436295759456,2.157362036866684,2.1476513865345197,0.0036156177520751953,0.0015659332275390625,0.0022268295288085938,0.007429599761962891,6186.0,6407.0,32.0,32.0
0.08519999999999998,2.1742018594475745,2.1972405071625833,2.157362036866684,2.1476513865345197,0.0036880970001220703,0.0015523433685302734,0.0026731491088867188,0.006851911544799805,6159.0,6379.0,32.0,32.0
0.08539999999999999,2.170357652376109,2.1979417012891407,2.157362036866684,2.1476513865345197,0.003728628158569336,0.0018439292907714844,0.002565145492553711,0.007669210433959961,6133.0,6352.0,32.0,32.0
0.08559999999999998,2.1705112287942416,2.1968668440065073,2.157362036866684,2.1476513865345197,0.00432133674621582,0.0017058849334716797,0.002459287643432617,0.007146120071411133,6107.0,6324.0,32.0,32.0
0.08579999999999999,2.1680454565952423,2.195274769292157,2.157362036866684,2.1476513865345197,0.0042111873626708984,0.001794576644897461,0.0025815963745117188,0.007725238800048828,6081.0,6297.0,32.0,32.0
0.086,2.1715969652236415,2.1966729131169664,2.157362036866684,2.1476513865345197,0.0039031505584716797,0.0017256736755371094,0.0026755332946777344,0.008242607116699219,6055.0,6270.0,32.0,32.0
0.08619999999999998,2.17071290008784,2.1950737868513066,2.157362036866684,2.1476513865345197,0.004120826721191406,0.0017628669738769531,0.002680540084838867,0.008232355117797852,6029.0,6244.0,32.0,32.0
0.08639999999999999,2.173561780072879,2.1939818705153233,2.157362036866684,2.1476513865345197,0.003982067108154297,0.0016393661499023438,0.002473592758178711,0.007371187210083008,6004.0,6217.0,32.0,32.0
0.08659999999999998,2.171366981974101,2.1937982434217487,2.157362036866684,2.1476513865345197,0.004391670227050781,0.0016884803771972656,0.002571582794189453,0.007525444030761719,5978.0,6191.0,32.0,32.0
0.08679999999999999,2.1702766698648825,2.1929884195984797,2.157362036866684,2.1476513865345197,0.004132747650146484,0.0017900466918945312,0.002607107162475586,0.00810098648071289,5953.0,6165.0,32.0,32.0
0.087,2.170151102001268,2.1893979879746213,2.157362036866684,2.1476513865345197,0.0042378902435302734,0.001819610595703125,0.0027704238891601562,0.008278608322143555,5928.0,6139.0,32.0,32.0
0.08719999999999999,2.169176843384581,2.1890858563189783,2.157362036866684,2.1476513865345197,0.003951549530029297,0.0016803741455078125,0.0024809837341308594,0.0073206424713134766,5903.0,6113.0,32.0,32.0
0.08739999999999999,2.16992711425039,2.187638603403049,2.157362036866684,2.1476513865345197,0.0035400390625,0.001550912857055664,0.0025415420532226562,0.006711721420288086,5879.0,6087.0,32.0,32.0
0.08759999999999998,2.170954699088408,2.1912453773773626,2.157362036866684,2.1476513865345197,0.003528118133544922,0.0015430450439453125,0.0022416114807128906,0.006430387496948242,5854.0,6062.0,32.0,32.0
0.08779999999999999,2.173018661952654,2.188105778083267,2.157362036866684,2.1476513865345197,0.003557920455932617,0.00147247314453125,0.0022735595703125,0.0066182613372802734,5830.0,6037.0,32.0,32.0
0.08799999999999998,2.1746881548277486,2.189401047972342,2.157362036866684,2.1476513865345197,0.003732442855834961,0.0015621185302734375,0.0023071765899658203,0.007158041000366211,5806.0,6012.0,32.0,32.0
0.08819999999999999,2.1748916560113423,2.188884875175237,2.157362036866684,2.1476513865345197,0.0038809776306152344,0.0016608238220214844,0.002543926239013672,0.007715702056884766,5782.0,5987.0,32.0,32.0
0.08839999999999999,2.1779379210025116,2.1882190502241214,2.157362036866684,2.1476513865345197,0.0039501190185546875,0.001733541488647461,0.0026481151580810547,0.008426904678344727,5758.0,5962.0,32.0,32.0
0.08859999999999998,2.1768490797524525,2.189765680692574,2.157362036866684,2.1476513865345197,0.004203319549560547,0.0018503665924072266,0.0027468204498291016,0.008717060089111328,5734.0,5937.0,32.0,32.0
0.08879999999999999,2.17737564021304,2.190795173991006,2.157362036866684,2.1476513865345197,0.004416465759277344,0.0018506050109863281,0.0027704238891601562,0.008192777633666992,5711.0,5913.0,32.0,32.0
0.08899999999999998,2.176025464990639,2.1919807879729745,2.157362036866684,2.1476513865345197,0.004369974136352539,0.0018472671508789062,0.0026595592498779297,0.008030176162719727,5687.0,5889.0,32.0,32.0
0.08919999999999999,2.1777464247094707,2.190958486689412,2.157362036866684,2.1476513865345197,0.004224061965942383,0.0018258094787597656,0.002820730209350586,0.008964300155639648,5664.0,5865.0,32.0,32.0
0.0894,2.173565732296611,2.191466831310938,2.157362036866684,2.1476513865345197,0.0037665367126464844,0.0017170906066894531,0.002447366714477539,0.00871133804321289,5641.0,5841.0,32.0,32.0
0.08959999999999999,2.1728106376528786,2.1975424836109476,2.157362036866684,2.1476513865345197,0.0038530826568603516,0.0016095638275146484,0.0024237632751464844,0.0070917606353759766,5618.0,5817.0,32.0,32.0
0.08979999999999999,2.1698673117141376,2.1943074837492036,2.157362036866684,2.1476513865345197,0.0035953521728515625,0.0016415119171142578,0.002346515655517578,0.0065195560455322266,5596.0,5793.0,32.0,32.0
0.08999999999999998,2.1699041606429734,2.1937916164420064,2.157362036866684,2.1476513865345197,0.0033042430877685547,0.001434326171875,0.0021562576293945312,0.006293773651123047,5573.0,5770.0,32.0,32.0
0.09019999999999999,2.1674208077619133,2.193790407143545,2.157362036866684,2.1476513865345197,0.003066539764404297,0.0013577938079833984,0.0020961761474609375,0.006444215774536133,5551.0,5747.0,32.0,32.0
0.09039999999999998,2.1665201590825385,2.1917692421386707,2.157362036866684,2.1476513865345197,0.0034008026123046875,0.0014467239379882812,0.002201557159423828,0.006247043609619141,5528.0,5723.0,32.0,32.0
0.09059999999999999,2.1651162800379256,2.1893973386660686,2.157362036866684,2.1476513865345197,0.003172636032104492,0.001425027847290039,0.0021317005157470703,0.006357431411743164,5506.0,5700.0,32.0,32.0
0.09079999999999999,2.1678606447311726,2.1862594587734328,2.157362036866684,2.1476513865345197,0.0031228065490722656,0.0013821125030517578,0.0021407604217529297,0.0065898895263671875,5484.0,5678.0,32.0,32.0
0.09099999999999998,2.170128702541001,2.1872672015800396,2.157362036866684,2.1476513865345197,0.003416776657104492,0.0014801025390625,0.0022923946380615234,0.006983518600463867,5462.0,5655.0,32.0,32.0
0.09119999999999999,2.1676976873039306,2.1863281668633006,2.157362036866684,2.1476513865345197,0.003428220748901367,0.0015110969543457031,0.002326488494873047,0.007241487503051758,5441.0,5632.0,32.0,32.0
0.09139999999999998,2.168971942086085,2.184628651227585,2.157362036866684,2.1476513865345197,0.0032579898834228516,0.0014300346374511719,0.0022733211517333984,0.007089853286743164,5419.0,5610.0,32.0,32.0
0.09159999999999999,2.1709959061696082,2.183316288320795,2.157362036866684,2.1476513865345197,0.0032575130462646484,0.0013980865478515625,0.002187490463256836,0.006571769714355469,5398.0,5588.0,32.0,32.0
0.09179999999999999,2.170190501559645,2.1863720974690684,2.157362036866684,2.1476513865345197,0.003073453903198242,0.0013742446899414062,0.002274036407470703,0.006539344787597656,5377.0,5566.0,32.0,32.0
0.09199999999999998,2.167704915567771,2.183227934844512,2.157362036866684,2.1476513865345197,0.0029175281524658203,0.0013244152069091797,0.002137899398803711,0.006392240524291992,5355.0,5544.0,32.0,32.0
0.09219999999999999,2.1675878469080567,2.180550338227272,2.157362036866684,2.1476513865345197,0.0029816627502441406,0.0013272762298583984,0.0020537376403808594,0.006121158599853516,5334.0,5522.0,32.0,32.0
0.09239999999999998,2.173339889897431,2.181483709131549,2.157362036866684,2.1476513865345197,0.0029363632202148438,0.0014743804931640625,0.0021524429321289062,0.006025075912475586,5314.0,5500.0,32.0,32.0
0.09259999999999999,2.1728684224211054,2.178807704566796,2.157362036866684,2.1476513865345197,0.002971172332763672,0.0013167858123779297,0.002196788787841797,0.006467342376708984,5293.0,5479.0,32.0,32.0
0.0928,2.1737081471070443,2.1777555788001264,2.157362036866684,2.1476513865345197,0.0029892921447753906,0.0013523101806640625,0.002132892608642578,0.0062711238861083984,5272.0,5457.0,32.0,32.0
0.09299999999999999,2.1756365715490285,2.180751149163442,2.157362036866684,2.1476513865345197,0.0033752918243408203,0.0015964508056640625,0.002289295196533203,0.006644487380981445,5252.0,5436.0,32.0,32.0
0.09319999999999999,2.1748255566692563,2.1803943351673714,2.157362036866684,2.1476513865345197,0.003297567367553711,0.0016062259674072266,0.0026426315307617188,0.00719761848449707,5232.0,5415.0,32.0,32.0
0.09339999999999998,2.1737461272579126,2.180020951475031,2.157362036866684,2.1476513865345197,0.0035157203674316406,0.0015473365783691406,0.0024471282958984375,0.0075380802154541016,5211.0,5394.0,32.0,32.0
0.09359999999999999,2.1714916654528342,2.1800613021205453,2.157362036866684,2.1476513865345197,0.003388643264770508,0.0015819072723388672,0.0024895668029785156,0.007119655609130859,5191.0,5373.0,32.0,32.0
0.09379999999999998,2.1737778880421277,2.1778516380925512,2.157362036866684,2.1476513865345197,0.0035893917083740234,0.0015921592712402344,0.0025157928466796875,0.007289409637451172,5171.0,5353.0,32.0,32.0
0.09399999999999999,2.173407491995767,2.1791134764010764,2.157362036866684,2.1476513865345197,0.003313779830932617,0.0015032291412353516,0.002367734909057617,0.007177829742431641,5152.0,5332.0,32.0,32.0
0.09419999999999999,2.169741729571115,2.1787752776627847,2.157362036866684,2.1476513865345197,0.003297090530395508,0.0014698505401611328,0.0023124217987060547,0.007116794586181641,5132.0,5312.0,32.0,32.0
0.09439999999999998,2.1709207582307046,2.1806548849268528,2.157362036866684,2.1476513865345197,0.0031185150146484375,0.001346588134765625,0.0021512508392333984,0.006014108657836914,5112.0,5291.0,32.0,32.0
0.09459999999999999,2.1707556195200985,2.1829684382889476,2.157362036866684,2.1476513865345197,0.003194093704223633,0.0013494491577148438,0.0022907257080078125,0.006024599075317383,5093.0,5271.0,32.0,32.0
0.09479999999999998,2.1707797070757615,2.1829414009563064,2.157362036866684,2.1476513865345197,0.0029115676879882812,0.001377105712890625,0.002099752426147461,0.006693601608276367,5074.0,5251.0,32.0,32.0
0.09499999999999999,2.171048575446591,2.18199347388242,2.157362036866684,2.1476513865345197,0.0032110214233398438,0.0014729499816894531,0.002458333969116211,0.007377147674560547,5054.0,5231.0,32.0,32.0
0.09519999999999999,2.1689920602540944,2.1845036181353876,2.157362036866684,2.1476513865345197,0.003719806671142578,0.0015492439270019531,0.0024590492248535156,0.007269620895385742,5035.0,5211.0,32.0,32.0
0.09539999999999998,2.169572348357135,2.1825956456478197,2.157362036866684,2.1476513865345197,0.0034325122833251953,0.0014920234680175781,0.0024344921112060547,0.007242918014526367,5016.0,5192.0,32.0,32.0
0.09559999999999999,2.170111862344594,2.180164735286445,2.157362036866684,2.1476513865345197,0.0036194324493408203,0.0016455650329589844,0.002519845962524414,0.007330179214477539,4998.0,5172.0,32.0,32.0
0.09579999999999998,2.168843567780723,2.183206049857342,2.157362036866684,2.1476513865345197,0.0036575794219970703,0.0015635490417480469,0.0024335384368896484,0.007293224334716797,4979.0,5153.0,32.0,32.0
0.09599999999999999,2.1689614642470145,2.1822953434873744,2.157362036866684,2.1476513865345197,0.003406524658203125,0.0015981197357177734,0.0023832321166992188,0.006775379180908203,4960.0,5133.0,32.0,32.0
0.09619999999999998,2.1669152386616135,2.181819395650108,2.157362036866684,2.1476513865345197,0.0032224655151367188,0.0015254020690917969,0.002238035202026367,0.006582736968994141,4942.0,5114.0,32.0,32.0
0.09639999999999999,2.1677507544125527,2.1840967555876136,2.157362036866684,2.1476513865345197,0.0030536651611328125,0.0013763904571533203,0.0022192001342773438,0.0065572261810302734,4923.0,5095.0,32.0,32.0
0.09659999999999999,2.1690789274779414,2.1834358254009745,2.157362036866684,2.1476513865345197,0.003124713897705078,0.0014014244079589844,0.0022470951080322266,0.007051944732666016,4905.0,5076.0,32.0,32.0
0.09679999999999998,2.1655624474374533,2.187687199031506,2.157362036866684,2.1476513865345197,0.003118753433227539,0.0014166831970214844,0.0021753311157226562,0.006451606750488281,4887.0,5057.0,32.0,32.0
0.09699999999999999,2.164916866633002,2.1868441734133,2.157362036866684,2.1476513865345197,0.0030171871185302734,0.0013382434844970703,0.0021638870239257812,0.00606083869934082,4869.0,5038.0,32.0,32.0
0.09719999999999998,2.1634401272950714,2.1824406404150225,2.157362036866684,2.1476513865345197,0.0029458999633789062,0.0013670921325683594,0.002174854278564453,0.006488323211669922,4851.0,5020.0,32.0,32.0
0.09739999999999999,2.1632738593842875,2.182433345243108,2.157362036866684,2.1476513865345197,0.002899169921875,0.0012845993041992188,0.0020668506622314453,0.006645917892456055,4833.0,5001.0,32.0,32.0
0.09759999999999999,2.165515850009848,2.183917680704135,2.157362036866684,2.1476513865345197,0.002771139144897461,0.0012738704681396484,0.002065896987915039,0.005960226058959961,4816.0,4983.0,32.0,32.0
0.09779999999999998,2.164380263314398,2.1829847488048344,2.157362036866684,2.1476513865345197,0.0029380321502685547,0.0012824535369873047,0.002207517623901367,0.006420135498046875,4798.0,4965.0,32.0,32.0
0.09799999999999999,2.166979413549457,2.18137740324301,2.157362036866684,2.1476513865345197,0.0028595924377441406,0.0013096332550048828,0.0021834373474121094,0.007109403610229492,4781.0,4947.0,32.0,32.0
0.09819999999999998,2.167808695160224,2.182197969446224,2.157362036866684,2.1476513865345197,0.003108978271484375,0.0014483928680419922,0.002530813217163086,0.007293701171875,4763.0,4929.0,32.0,32.0
0.09839999999999999,2.1641339009760334,2.178357198894873,2.157362036866684,2.1476513865345197,0.0031905174255371094,0.0017337799072265625,0.0026259422302246094,0.007142543792724609,4746.0,4911.0,32.0,32.0
0.0986,2.1670683303291467,2.179589274568793,2.157362036866684,2.1476513865345197,0.003503084182739258,0.0015413761138916016,0.002422809600830078,0.00716090202331543,4729.0,4893.0,32.0,32.0
0.09879999999999999,2.169897115977281,2.1778911331880693,2.157362036866684,2.1476513865345197,0.003601551055908203,0.0015194416046142578,0.002431154251098633,0.008240461349487305,4712.0,4875.0,32.0,32.0
0.09899999999999999,2.1713101994585027,2.1794013937907626,2.157362036866684,2.1476513865345197,0.0032196044921875,0.0015244483947753906,0.002410411834716797,0.009553909301757812,4695.0,4857.0,32.0,32.0
0.09919999999999998,2.1692554419131964,2.178921199192415,2.157362036866684,2.1476513865345197,0.003545999526977539,0.0016186237335205078,0.0026302337646484375,0.00830078125,4678.0,4840.0,32.0,32.0
0.09939999999999999,2.17061490537565,2.1829782538366644,2.157362036866684,2.1476513865345197,0.003838777542114258,0.0017545223236083984,0.0028955936431884766,0.00868988037109375,4661.0,4823.0,32.0,32.0
0.09959999999999998,2.169838388380506,2.185415347295826,2.157362036866684,2.1476513865345197,0.004184246063232422,0.0018467903137207031,0.0031392574310302734,0.008927583694458008,4645.0,4805.0,32.0,32.0
0.09979999999999999,2.1751456337297217,2.183729120944534,2.157362036866684,2.1476513865345197,0.003998756408691406,0.0018069744110107422,0.0029382705688476562,0.008850336074829102,4628.0,4788.0,32.0,32.0
0.09999999999999999,2.1754205016185932,2.1833978688105566,2.157362036866684,2.1476513865345197,0.0037953853607177734,0.0017697811126708984,0.0027861595153808594,0.007604122161865234,4612.0,4771.0,32.0,32.0
